case,r1,r2,c1,c2,u11,u12,u21,u22,feasible_count
1,0,0,0,0,0,0,0,0,1
2,0,1,0,1,0,0,0,0,0
3,0,1,1,0,0,0,0,0,0
4,0,2,0,2,0,0,0,0,0
5,0,2,1,1,0,0,0,0,0
6,0,2,2,0,0,0,0,0,0
7,0,3,0,3,0,0,0,0,0
8,0,3,1,2,0,0,0,0,0
9,0,3,2,1,0,0,0,0,0
10,0,3,3,0,0,0,0,0,0
11,0,4,0,4,0,0,0,0,0
12,0,4,1,3,0,0,0,0,0
13,0,4,2,2,0,0,0,0,0
14,0,4,3,1,0,0,0,0,0
15,0,4,4,0,0,0,0,0,0
16,1,0,0,1,0,0,0,0,0
17,1,0,1,0,0,0,0,0,0
18,1,1,0,2,0,0,0,0,0
19,1,1,1,1,0,0,0,0,0
20,1,1,2,0,0,0,0,0,0
21,1,2,0,3,0,0,0,0,0
22,1,2,1,2,0,0,0,0,0
23,1,2,2,1,0,0,0,0,0
24,1,2,3,0,0,0,0,0,0
25,1,3,0,4,0,0,0,0,0
26,1,3,1,3,0,0,0,0,0
27,1,3,2,2,0,0,0,0,0
28,1,3,3,1,0,0,0,0,0
29,1,3,4,0,0,0,0,0,0
30,1,4,1,4,0,0,0,0,0
31,1,4,2,3,0,0,0,0,0
32,1,4,3,2,0,0,0,0,0
33,1,4,4,1,0,0,0,0,0
34,2,0,0,2,0,0,0,0,0
35,2,0,1,1,0,0,0,0,0
36,2,0,2,0,0,0,0,0,0
37,2,1,0,3,0,0,0,0,0
38,2,1,1,2,0,0,0,0,0
39,2,1,2,1,0,0,0,0,0
40,2,1,3,0,0,0,0,0,0
41,2,2,0,4,0,0,0,0,0
42,2,2,1,3,0,0,0,0,0
43,2,2,2,2,0,0,0,0,0
44,2,2,3,1,0,0,0,0,0
45,2,2,4,0,0,0,0,0,0
46,2,3,1,4,0,0,0,0,0
47,2,3,2,3,0,0,0,0,0
48,2,3,3,2,0,0,0,0,0
49,2,3,4,1,0,0,0,0,0
50,2,4,2,4,0,0,0,0,0
51,2,4,3,3,0,0,0,0,0
52,2,4,4,2,0,0,0,0,0
53,3,0,0,3,0,0,0,0,0
54,3,0,1,2,0,0,0,0,0
55,3,0,2,1,0,0,0,0,0
56,3,0,3,0,0,0,0,0,0
57,3,1,0,4,0,0,0,0,0
58,3,1,1,3,0,0,0,0,0
59,3,1,2,2,0,0,0,0,0
60,3,1,3,1,0,0,0,0,0
61,3,1,4,0,0,0,0,0,0
62,3,2,1,4,0,0,0,0,0
63,3,2,2,3,0,0,0,0,0
64,3,2,3,2,0,0,0,0,0
65,3,2,4,1,0,0,0,0,0
66,3,3,2,4,0,0,0,0,0
67,3,3,3,3,0,0,0,0,0
68,3,3,4,2,0,0,0,0,0
69,3,4,3,4,0,0,0,0,0
70,3,4,4,3,0,0,0,0,0
71,4,0,0,4,0,0,0,0,0
72,4,0,1,3,0,0,0,0,0
73,4,0,2,2,0,0,0,0,0
74,4,0,3,1,0,0,0,0,0
75,4,0,4,0,0,0,0,0,0
76,4,1,1,4,0,0,0,0,0
77,4,1,2,3,0,0,0,0,0
78,4,1,3,2,0,0,0,0,0
79,4,1,4,1,0,0,0,0,0
80,4,2,2,4,0,0,0,0,0
81,4,2,3,3,0,0,0,0,0
82,4,2,4,2,0,0,0,0,0
83,4,3,3,4,0,0,0,0,0
84,4,3,4,3,0,0,0,0,0
85,4,4,4,4,0,0,0,0,0
86,0,0,0,0,0,0,0,1,1
87,0,1,0,1,0,0,0,1,1
88,0,1,1,0,0,0,0,1,0
89,0,2,0,2,0,0,0,1,0
90,0,2,1,1,0,0,0,1,0
91,0,2,2,0,0,0,0,1,0
92,0,3,0,3,0,0,0,1,0
93,0,3,1,2,0,0,0,1,0
94,0,3,2,1,0,0,0,1,0
95,0,3,3,0,0,0,0,1,0
96,0,4,0,4,0,0,0,1,0
97,0,4,1,3,0,0,0,1,0
98,0,4,2,2,0,0,0,1,0
99,0,4,3,1,0,0,0,1,0
100,0,4,4,0,0,0,0,1,0
101,1,0,0,1,0,0,0,1,0
102,1,0,1,0,0,0,0,1,0
103,1,1,0,2,0,0,0,1,0
104,1,1,1,1,0,0,0,1,0
105,1,1,2,0,0,0,0,1,0
106,1,2,0,3,0,0,0,1,0
107,1,2,1,2,0,0,0,1,0
108,1,2,2,1,0,0,0,1,0
109,1,2,3,0,0,0,0,1,0
110,1,3,0,4,0,0,0,1,0
111,1,3,1,3,0,0,0,1,0
112,1,3,2,2,0,0,0,1,0
113,1,3,3,1,0,0,0,1,0
114,1,3,4,0,0,0,0,1,0
115,1,4,1,4,0,0,0,1,0
116,1,4,2,3,0,0,0,1,0
117,1,4,3,2,0,0,0,1,0
118,1,4,4,1,0,0,0,1,0
119,2,0,0,2,0,0,0,1,0
120,2,0,1,1,0,0,0,1,0
121,2,0,2,0,0,0,0,1,0
122,2,1,0,3,0,0,0,1,0
123,2,1,1,2,0,0,0,1,0
124,2,1,2,1,0,0,0,1,0
125,2,1,3,0,0,0,0,1,0
126,2,2,0,4,0,0,0,1,0
127,2,2,1,3,0,0,0,1,0
128,2,2,2,2,0,0,0,1,0
129,2,2,3,1,0,0,0,1,0
130,2,2,4,0,0,0,0,1,0
131,2,3,1,4,0,0,0,1,0
132,2,3,2,3,0,0,0,1,0
133,2,3,3,2,0,0,0,1,0
134,2,3,4,1,0,0,0,1,0
135,2,4,2,4,0,0,0,1,0
136,2,4,3,3,0,0,0,1,0
137,2,4,4,2,0,0,0,1,0
138,3,0,0,3,0,0,0,1,0
139,3,0,1,2,0,0,0,1,0
140,3,0,2,1,0,0,0,1,0
141,3,0,3,0,0,0,0,1,0
142,3,1,0,4,0,0,0,1,0
143,3,1,1,3,0,0,0,1,0
144,3,1,2,2,0,0,0,1,0
145,3,1,3,1,0,0,0,1,0
146,3,1,4,0,0,0,0,1,0
147,3,2,1,4,0,0,0,1,0
148,3,2,2,3,0,0,0,1,0
149,3,2,3,2,0,0,0,1,0
150,3,2,4,1,0,0,0,1,0
151,3,3,2,4,0,0,0,1,0
152,3,3,3,3,0,0,0,1,0
153,3,3,4,2,0,0,0,1,0
154,3,4,3,4,0,0,0,1,0
155,3,4,4,3,0,0,0,1,0
156,4,0,0,4,0,0,0,1,0
157,4,0,1,3,0,0,0,1,0
158,4,0,2,2,0,0,0,1,0
159,4,0,3,1,0,0,0,1,0
160,4,0,4,0,0,0,0,1,0
161,4,1,1,4,0,0,0,1,0
162,4,1,2,3,0,0,0,1,0
163,4,1,3,2,0,0,0,1,0
164,4,1,4,1,0,0,0,1,0
165,4,2,2,4,0,0,0,1,0
166,4,2,3,3,0,0,0,1,0
167,4,2,4,2,0,0,0,1,0
168,4,3,3,4,0,0,0,1,0
169,4,3,4,3,0,0,0,1,0
170,4,4,4,4,0,0,0,1,0
171,0,0,0,0,0,0,0,2,1
172,0,1,0,1,0,0,0,2,1
173,0,1,1,0,0,0,0,2,0
174,0,2,0,2,0,0,0,2,1
175,0,2,1,1,0,0,0,2,0
176,0,2,2,0,0,0,0,2,0
177,0,3,0,3,0,0,0,2,0
178,0,3,1,2,0,0,0,2,0
179,0,3,2,1,0,0,0,2,0
180,0,3,3,0,0,0,0,2,0
181,0,4,0,4,0,0,0,2,0
182,0,4,1,3,0,0,0,2,0
183,0,4,2,2,0,0,0,2,0
184,0,4,3,1,0,0,0,2,0
185,0,4,4,0,0,0,0,2,0
186,1,0,0,1,0,0,0,2,0
187,1,0,1,0,0,0,0,2,0
188,1,1,0,2,0,0,0,2,0
189,1,1,1,1,0,0,0,2,0
190,1,1,2,0,0,0,0,2,0
191,1,2,0,3,0,0,0,2,0
192,1,2,1,2,0,0,0,2,0
193,1,2,2,1,0,0,0,2,0
194,1,2,3,0,0,0,0,2,0
195,1,3,0,4,0,0,0,2,0
196,1,3,1,3,0,0,0,2,0
197,1,3,2,2,0,0,0,2,0
198,1,3,3,1,0,0,0,2,0
199,1,3,4,0,0,0,0,2,0
200,1,4,1,4,0,0,0,2,0
201,1,4,2,3,0,0,0,2,0
202,1,4,3,2,0,0,0,2,0
203,1,4,4,1,0,0,0,2,0
204,2,0,0,2,0,0,0,2,0
205,2,0,1,1,0,0,0,2,0
206,2,0,2,0,0,0,0,2,0
207,2,1,0,3,0,0,0,2,0
208,2,1,1,2,0,0,0,2,0
209,2,1,2,1,0,0,0,2,0
210,2,1,3,0,0,0,0,2,0
211,2,2,0,4,0,0,0,2,0
212,2,2,1,3,0,0,0,2,0
213,2,2,2,2,0,0,0,2,0
214,2,2,3,1,0,0,0,2,0
215,2,2,4,0,0,0,0,2,0
216,2,3,1,4,0,0,0,2,0
217,2,3,2,3,0,0,0,2,0
218,2,3,3,2,0,0,0,2,0
219,2,3,4,1,0,0,0,2,0
220,2,4,2,4,0,0,0,2,0
221,2,4,3,3,0,0,0,2,0
222,2,4,4,2,0,0,0,2,0
223,3,0,0,3,0,0,0,2,0
224,3,0,1,2,0,0,0,2,0
225,3,0,2,1,0,0,0,2,0
226,3,0,3,0,0,0,0,2,0
227,3,1,0,4,0,0,0,2,0
228,3,1,1,3,0,0,0,2,0
229,3,1,2,2,0,0,0,2,0
230,3,1,3,1,0,0,0,2,0
231,3,1,4,0,0,0,0,2,0
232,3,2,1,4,0,0,0,2,0
233,3,2,2,3,0,0,0,2,0
234,3,2,3,2,0,0,0,2,0
235,3,2,4,1,0,0,0,2,0
236,3,3,2,4,0,0,0,2,0
237,3,3,3,3,0,0,0,2,0
238,3,3,4,2,0,0,0,2,0
239,3,4,3,4,0,0,0,2,0
240,3,4,4,3,0,0,0,2,0
241,4,0,0,4,0,0,0,2,0
242,4,0,1,3,0,0,0,2,0
243,4,0,2,2,0,0,0,2,0
244,4,0,3,1,0,0,0,2,0
245,4,0,4,0,0,0,0,2,0
246,4,1,1,4,0,0,0,2,0
247,4,1,2,3,0,0,0,2,0
248,4,1,3,2,0,0,0,2,0
249,4,1,4,1,0,0,0,2,0
250,4,2,2,4,0,0,0,2,0
251,4,2,3,3,0,0,0,2,0
252,4,2,4,2,0,0,0,2,0
253,4,3,3,4,0,0,0,2,0
254,4,3,4,3,0,0,0,2,0
255,4,4,4,4,0,0,0,2,0
256,0,0,0,0,0,0,1,0,1
257,0,1,0,1,0,0,1,0,0
258,0,1,1,0,0,0,1,0,1
259,0,2,0,2,0,0,1,0,0
260,0,2,1,1,0,0,1,0,0
261,0,2,2,0,0,0,1,0,0
262,0,3,0,3,0,0,1,0,0
263,0,3,1,2,0,0,1,0,0
264,0,3,2,1,0,0,1,0,0
265,0,3,3,0,0,0,1,0,0
266,0,4,0,4,0,0,1,0,0
267,0,4,1,3,0,0,1,0,0
268,0,4,2,2,0,0,1,0,0
269,0,4,3,1,0,0,1,0,0
270,0,4,4,0,0,0,1,0,0
271,1,0,0,1,0,0,1,0,0
272,1,0,1,0,0,0,1,0,0
273,1,1,0,2,0,0,1,0,0
274,1,1,1,1,0,0,1,0,0
275,1,1,2,0,0,0,1,0,0
276,1,2,0,3,0,0,1,0,0
277,1,2,1,2,0,0,1,0,0
278,1,2,2,1,0,0,1,0,0
279,1,2,3,0,0,0,1,0,0
280,1,3,0,4,0,0,1,0,0
281,1,3,1,3,0,0,1,0,0
282,1,3,2,2,0,0,1,0,0
283,1,3,3,1,0,0,1,0,0
284,1,3,4,0,0,0,1,0,0
285,1,4,1,4,0,0,1,0,0
286,1,4,2,3,0,0,1,0,0
287,1,4,3,2,0,0,1,0,0
288,1,4,4,1,0,0,1,0,0
289,2,0,0,2,0,0,1,0,0
290,2,0,1,1,0,0,1,0,0
291,2,0,2,0,0,0,1,0,0
292,2,1,0,3,0,0,1,0,0
293,2,1,1,2,0,0,1,0,0
294,2,1,2,1,0,0,1,0,0
295,2,1,3,0,0,0,1,0,0
296,2,2,0,4,0,0,1,0,0
297,2,2,1,3,0,0,1,0,0
298,2,2,2,2,0,0,1,0,0
299,2,2,3,1,0,0,1,0,0
300,2,2,4,0,0,0,1,0,0
301,2,3,1,4,0,0,1,0,0
302,2,3,2,3,0,0,1,0,0
303,2,3,3,2,0,0,1,0,0
304,2,3,4,1,0,0,1,0,0
305,2,4,2,4,0,0,1,0,0
306,2,4,3,3,0,0,1,0,0
307,2,4,4,2,0,0,1,0,0
308,3,0,0,3,0,0,1,0,0
309,3,0,1,2,0,0,1,0,0
310,3,0,2,1,0,0,1,0,0
311,3,0,3,0,0,0,1,0,0
312,3,1,0,4,0,0,1,0,0
313,3,1,1,3,0,0,1,0,0
314,3,1,2,2,0,0,1,0,0
315,3,1,3,1,0,0,1,0,0
316,3,1,4,0,0,0,1,0,0
317,3,2,1,4,0,0,1,0,0
318,3,2,2,3,0,0,1,0,0
319,3,2,3,2,0,0,1,0,0
320,3,2,4,1,0,0,1,0,0
321,3,3,2,4,0,0,1,0,0
322,3,3,3,3,0,0,1,0,0
323,3,3,4,2,0,0,1,0,0
324,3,4,3,4,0,0,1,0,0
325,3,4,4,3,0,0,1,0,0
326,4,0,0,4,0,0,1,0,0
327,4,0,1,3,0,0,1,0,0
328,4,0,2,2,0,0,1,0,0
329,4,0,3,1,0,0,1,0,0
330,4,0,4,0,0,0,1,0,0
331,4,1,1,4,0,0,1,0,0
332,4,1,2,3,0,0,1,0,0
333,4,1,3,2,0,0,1,0,0
334,4,1,4,1,0,0,1,0,0
335,4,2,2,4,0,0,1,0,0
336,4,2,3,3,0,0,1,0,0
337,4,2,4,2,0,0,1,0,0
338,4,3,3,4,0,0,1,0,0
339,4,3,4,3,0,0,1,0,0
340,4,4,4,4,0,0,1,0,0
341,0,0,0,0,0,0,1,1,1
342,0,1,0,1,0,0,1,1,1
343,0,1,1,0,0,0,1,1,1
344,0,2,0,2,0,0,1,1,0
345,0,2,1,1,0,0,1,1,1
346,0,2,2,0,0,0,1,1,0
347,0,3,0,3,0,0,1,1,0
348,0,3,1,2,0,0,1,1,0
349,0,3,2,1,0,0,1,1,0
350,0,3,3,0,0,0,1,1,0
351,0,4,0,4,0,0,1,1,0
352,0,4,1,3,0,0,1,1,0
353,0,4,2,2,0,0,1,1,0
354,0,4,3,1,0,0,1,1,0
355,0,4,4,0,0,0,1,1,0
356,1,0,0,1,0,0,1,1,0
357,1,0,1,0,0,0,1,1,0
358,1,1,0,2,0,0,1,1,0
359,1,1,1,1,0,0,1,1,0
360,1,1,2,0,0,0,1,1,0
361,1,2,0,3,0,0,1,1,0
362,1,2,1,2,0,0,1,1,0
363,1,2,2,1,0,0,1,1,0
364,1,2,3,0,0,0,1,1,0
365,1,3,0,4,0,0,1,1,0
366,1,3,1,3,0,0,1,1,0
367,1,3,2,2,0,0,1,1,0
368,1,3,3,1,0,0,1,1,0
369,1,3,4,0,0,0,1,1,0
370,1,4,1,4,0,0,1,1,0
371,1,4,2,3,0,0,1,1,0
372,1,4,3,2,0,0,1,1,0
373,1,4,4,1,0,0,1,1,0
374,2,0,0,2,0,0,1,1,0
375,2,0,1,1,0,0,1,1,0
376,2,0,2,0,0,0,1,1,0
377,2,1,0,3,0,0,1,1,0
378,2,1,1,2,0,0,1,1,0
379,2,1,2,1,0,0,1,1,0
380,2,1,3,0,0,0,1,1,0
381,2,2,0,4,0,0,1,1,0
382,2,2,1,3,0,0,1,1,0
383,2,2,2,2,0,0,1,1,0
384,2,2,3,1,0,0,1,1,0
385,2,2,4,0,0,0,1,1,0
386,2,3,1,4,0,0,1,1,0
387,2,3,2,3,0,0,1,1,0
388,2,3,3,2,0,0,1,1,0
389,2,3,4,1,0,0,1,1,0
390,2,4,2,4,0,0,1,1,0
391,2,4,3,3,0,0,1,1,0
392,2,4,4,2,0,0,1,1,0
393,3,0,0,3,0,0,1,1,0
394,3,0,1,2,0,0,1,1,0
395,3,0,2,1,0,0,1,1,0
396,3,0,3,0,0,0,1,1,0
397,3,1,0,4,0,0,1,1,0
398,3,1,1,3,0,0,1,1,0
399,3,1,2,2,0,0,1,1,0
400,3,1,3,1,0,0,1,1,0
401,3,1,4,0,0,0,1,1,0
402,3,2,1,4,0,0,1,1,0
403,3,2,2,3,0,0,1,1,0
404,3,2,3,2,0,0,1,1,0
405,3,2,4,1,0,0,1,1,0
406,3,3,2,4,0,0,1,1,0
407,3,3,3,3,0,0,1,1,0
408,3,3,4,2,0,0,1,1,0
409,3,4,3,4,0,0,1,1,0
410,3,4,4,3,0,0,1,1,0
411,4,0,0,4,0,0,1,1,0
412,4,0,1,3,0,0,1,1,0
413,4,0,2,2,0,0,1,1,0
414,4,0,3,1,0,0,1,1,0
415,4,0,4,0,0,0,1,1,0
416,4,1,1,4,0,0,1,1,0
417,4,1,2,3,0,0,1,1,0
418,4,1,3,2,0,0,1,1,0
419,4,1,4,1,0,0,1,1,0
420,4,2,2,4,0,0,1,1,0
421,4,2,3,3,0,0,1,1,0
422,4,2,4,2,0,0,1,1,0
423,4,3,3,4,0,0,1,1,0
424,4,3,4,3,0,0,1,1,0
425,4,4,4,4,0,0,1,1,0
426,0,0,0,0,0,0,1,2,1
427,0,1,0,1,0,0,1,2,1
428,0,1,1,0,0,0,1,2,1
429,0,2,0,2,0,0,1,2,1
430,0,2,1,1,0,0,1,2,1
431,0,2,2,0,0,0,1,2,0
432,0,3,0,3,0,0,1,2,0
433,0,3,1,2,0,0,1,2,1
434,0,3,2,1,0,0,1,2,0
435,0,3,3,0,0,0,1,2,0
436,0,4,0,4,0,0,1,2,0
437,0,4,1,3,0,0,1,2,0
438,0,4,2,2,0,0,1,2,0
439,0,4,3,1,0,0,1,2,0
440,0,4,4,0,0,0,1,2,0
441,1,0,0,1,0,0,1,2,0
442,1,0,1,0,0,0,1,2,0
443,1,1,0,2,0,0,1,2,0
444,1,1,1,1,0,0,1,2,0
445,1,1,2,0,0,0,1,2,0
446,1,2,0,3,0,0,1,2,0
447,1,2,1,2,0,0,1,2,0
448,1,2,2,1,0,0,1,2,0
449,1,2,3,0,0,0,1,2,0
450,1,3,0,4,0,0,1,2,0
451,1,3,1,3,0,0,1,2,0
452,1,3,2,2,0,0,1,2,0
453,1,3,3,1,0,0,1,2,0
454,1,3,4,0,0,0,1,2,0
455,1,4,1,4,0,0,1,2,0
456,1,4,2,3,0,0,1,2,0
457,1,4,3,2,0,0,1,2,0
458,1,4,4,1,0,0,1,2,0
459,2,0,0,2,0,0,1,2,0
460,2,0,1,1,0,0,1,2,0
461,2,0,2,0,0,0,1,2,0
462,2,1,0,3,0,0,1,2,0
463,2,1,1,2,0,0,1,2,0
464,2,1,2,1,0,0,1,2,0
465,2,1,3,0,0,0,1,2,0
466,2,2,0,4,0,0,1,2,0
467,2,2,1,3,0,0,1,2,0
468,2,2,2,2,0,0,1,2,0
469,2,2,3,1,0,0,1,2,0
470,2,2,4,0,0,0,1,2,0
471,2,3,1,4,0,0,1,2,0
472,2,3,2,3,0,0,1,2,0
473,2,3,3,2,0,0,1,2,0
474,2,3,4,1,0,0,1,2,0
475,2,4,2,4,0,0,1,2,0
476,2,4,3,3,0,0,1,2,0
477,2,4,4,2,0,0,1,2,0
478,3,0,0,3,0,0,1,2,0
479,3,0,1,2,0,0,1,2,0
480,3,0,2,1,0,0,1,2,0
481,3,0,3,0,0,0,1,2,0
482,3,1,0,4,0,0,1,2,0
483,3,1,1,3,0,0,1,2,0
484,3,1,2,2,0,0,1,2,0
485,3,1,3,1,0,0,1,2,0
486,3,1,4,0,0,0,1,2,0
487,3,2,1,4,0,0,1,2,0
488,3,2,2,3,0,0,1,2,0
489,3,2,3,2,0,0,1,2,0
490,3,2,4,1,0,0,1,2,0
491,3,3,2,4,0,0,1,2,0
492,3,3,3,3,0,0,1,2,0
493,3,3,4,2,0,0,1,2,0
494,3,4,3,4,0,0,1,2,0
495,3,4,4,3,0,0,1,2,0
496,4,0,0,4,0,0,1,2,0
497,4,0,1,3,0,0,1,2,0
498,4,0,2,2,0,0,1,2,0
499,4,0,3,1,0,0,1,2,0
500,4,0,4,0,0,0,1,2,0
501,4,1,1,4,0,0,1,2,0
502,4,1,2,3,0,0,1,2,0
503,4,1,3,2,0,0,1,2,0
504,4,1,4,1,0,0,1,2,0
505,4,2,2,4,0,0,1,2,0
506,4,2,3,3,0,0,1,2,0
507,4,2,4,2,0,0,1,2,0
508,4,3,3,4,0,0,1,2,0
509,4,3,4,3,0,0,1,2,0
510,4,4,4,4,0,0,1,2,0
511,0,0,0,0,0,0,2,0,1
512,0,1,0,1,0,0,2,0,0
513,0,1,1,0,0,0,2,0,1
514,0,2,0,2,0,0,2,0,0
515,0,2,1,1,0,0,2,0,0
516,0,2,2,0,0,0,2,0,1
517,0,3,0,3,0,0,2,0,0
518,0,3,1,2,0,0,2,0,0
519,0,3,2,1,0,0,2,0,0
520,0,3,3,0,0,0,2,0,0
521,0,4,0,4,0,0,2,0,0
522,0,4,1,3,0,0,2,0,0
523,0,4,2,2,0,0,2,0,0
524,0,4,3,1,0,0,2,0,0
525,0,4,4,0,0,0,2,0,0
526,1,0,0,1,0,0,2,0,0
527,1,0,1,0,0,0,2,0,0
528,1,1,0,2,0,0,2,0,0
529,1,1,1,1,0,0,2,0,0
530,1,1,2,0,0,0,2,0,0
531,1,2,0,3,0,0,2,0,0
532,1,2,1,2,0,0,2,0,0
533,1,2,2,1,0,0,2,0,0
534,1,2,3,0,0,0,2,0,0
535,1,3,0,4,0,0,2,0,0
536,1,3,1,3,0,0,2,0,0
537,1,3,2,2,0,0,2,0,0
538,1,3,3,1,0,0,2,0,0
539,1,3,4,0,0,0,2,0,0
540,1,4,1,4,0,0,2,0,0
541,1,4,2,3,0,0,2,0,0
542,1,4,3,2,0,0,2,0,0
543,1,4,4,1,0,0,2,0,0
544,2,0,0,2,0,0,2,0,0
545,2,0,1,1,0,0,2,0,0
546,2,0,2,0,0,0,2,0,0
547,2,1,0,3,0,0,2,0,0
548,2,1,1,2,0,0,2,0,0
549,2,1,2,1,0,0,2,0,0
550,2,1,3,0,0,0,2,0,0
551,2,2,0,4,0,0,2,0,0
552,2,2,1,3,0,0,2,0,0
553,2,2,2,2,0,0,2,0,0
554,2,2,3,1,0,0,2,0,0
555,2,2,4,0,0,0,2,0,0
556,2,3,1,4,0,0,2,0,0
557,2,3,2,3,0,0,2,0,0
558,2,3,3,2,0,0,2,0,0
559,2,3,4,1,0,0,2,0,0
560,2,4,2,4,0,0,2,0,0
561,2,4,3,3,0,0,2,0,0
562,2,4,4,2,0,0,2,0,0
563,3,0,0,3,0,0,2,0,0
564,3,0,1,2,0,0,2,0,0
565,3,0,2,1,0,0,2,0,0
566,3,0,3,0,0,0,2,0,0
567,3,1,0,4,0,0,2,0,0
568,3,1,1,3,0,0,2,0,0
569,3,1,2,2,0,0,2,0,0
570,3,1,3,1,0,0,2,0,0
571,3,1,4,0,0,0,2,0,0
572,3,2,1,4,0,0,2,0,0
573,3,2,2,3,0,0,2,0,0
574,3,2,3,2,0,0,2,0,0
575,3,2,4,1,0,0,2,0,0
576,3,3,2,4,0,0,2,0,0
577,3,3,3,3,0,0,2,0,0
578,3,3,4,2,0,0,2,0,0
579,3,4,3,4,0,0,2,0,0
580,3,4,4,3,0,0,2,0,0
581,4,0,0,4,0,0,2,0,0
582,4,0,1,3,0,0,2,0,0
583,4,0,2,2,0,0,2,0,0
584,4,0,3,1,0,0,2,0,0
585,4,0,4,0,0,0,2,0,0
586,4,1,1,4,0,0,2,0,0
587,4,1,2,3,0,0,2,0,0
588,4,1,3,2,0,0,2,0,0
589,4,1,4,1,0,0,2,0,0
590,4,2,2,4,0,0,2,0,0
591,4,2,3,3,0,0,2,0,0
592,4,2,4,2,0,0,2,0,0
593,4,3,3,4,0,0,2,0,0
594,4,3,4,3,0,0,2,0,0
595,4,4,4,4,0,0,2,0,0
596,0,0,0,0,0,0,2,1,1
597,0,1,0,1,0,0,2,1,1
598,0,1,1,0,0,0,2,1,1
599,0,2,0,2,0,0,2,1,0
600,0,2,1,1,0,0,2,1,1
601,0,2,2,0,0,0,2,1,1
602,0,3,0,3,0,0,2,1,0
603,0,3,1,2,0,0,2,1,0
604,0,3,2,1,0,0,2,1,1
605,0,3,3,0,0,0,2,1,0
606,0,4,0,4,0,0,2,1,0
607,0,4,1,3,0,0,2,1,0
608,0,4,2,2,0,0,2,1,0
609,0,4,3,1,0,0,2,1,0
610,0,4,4,0,0,0,2,1,0
611,1,0,0,1,0,0,2,1,0
612,1,0,1,0,0,0,2,1,0
613,1,1,0,2,0,0,2,1,0
614,1,1,1,1,0,0,2,1,0
615,1,1,2,0,0,0,2,1,0
616,1,2,0,3,0,0,2,1,0
617,1,2,1,2,0,0,2,1,0
618,1,2,2,1,0,0,2,1,0
619,1,2,3,0,0,0,2,1,0
620,1,3,0,4,0,0,2,1,0
621,1,3,1,3,0,0,2,1,0
622,1,3,2,2,0,0,2,1,0
623,1,3,3,1,0,0,2,1,0
624,1,3,4,0,0,0,2,1,0
625,1,4,1,4,0,0,2,1,0
626,1,4,2,3,0,0,2,1,0
627,1,4,3,2,0,0,2,1,0
628,1,4,4,1,0,0,2,1,0
629,2,0,0,2,0,0,2,1,0
630,2,0,1,1,0,0,2,1,0
631,2,0,2,0,0,0,2,1,0
632,2,1,0,3,0,0,2,1,0
633,2,1,1,2,0,0,2,1,0
634,2,1,2,1,0,0,2,1,0
635,2,1,3,0,0,0,2,1,0
636,2,2,0,4,0,0,2,1,0
637,2,2,1,3,0,0,2,1,0
638,2,2,2,2,0,0,2,1,0
639,2,2,3,1,0,0,2,1,0
640,2,2,4,0,0,0,2,1,0
641,2,3,1,4,0,0,2,1,0
642,2,3,2,3,0,0,2,1,0
643,2,3,3,2,0,0,2,1,0
644,2,3,4,1,0,0,2,1,0
645,2,4,2,4,0,0,2,1,0
646,2,4,3,3,0,0,2,1,0
647,2,4,4,2,0,0,2,1,0
648,3,0,0,3,0,0,2,1,0
649,3,0,1,2,0,0,2,1,0
650,3,0,2,1,0,0,2,1,0
651,3,0,3,0,0,0,2,1,0
652,3,1,0,4,0,0,2,1,0
653,3,1,1,3,0,0,2,1,0
654,3,1,2,2,0,0,2,1,0
655,3,1,3,1,0,0,2,1,0
656,3,1,4,0,0,0,2,1,0
657,3,2,1,4,0,0,2,1,0
658,3,2,2,3,0,0,2,1,0
659,3,2,3,2,0,0,2,1,0
660,3,2,4,1,0,0,2,1,0
661,3,3,2,4,0,0,2,1,0
662,3,3,3,3,0,0,2,1,0
663,3,3,4,2,0,0,2,1,0
664,3,4,3,4,0,0,2,1,0
665,3,4,4,3,0,0,2,1,0
666,4,0,0,4,0,0,2,1,0
667,4,0,1,3,0,0,2,1,0
668,4,0,2,2,0,0,2,1,0
669,4,0,3,1,0,0,2,1,0
670,4,0,4,0,0,0,2,1,0
671,4,1,1,4,0,0,2,1,0
672,4,1,2,3,0,0,2,1,0
673,4,1,3,2,0,0,2,1,0
674,4,1,4,1,0,0,2,1,0
675,4,2,2,4,0,0,2,1,0
676,4,2,3,3,0,0,2,1,0
677,4,2,4,2,0,0,2,1,0
678,4,3,3,4,0,0,2,1,0
679,4,3,4,3,0,0,2,1,0
680,4,4,4,4,0,0,2,1,0
681,0,0,0,0,0,0,2,2,1
682,0,1,0,1,0,0,2,2,1
683,0,1,1,0,0,0,2,2,1
684,0,2,0,2,0,0,2,2,1
685,0,2,1,1,0,0,2,2,1
686,0,2,2,0,0,0,2,2,1
687,0,3,0,3,0,0,2,2,0
688,0,3,1,2,0,0,2,2,1
689,0,3,2,1,0,0,2,2,1
690,0,3,3,0,0,0,2,2,0
691,0,4,0,4,0,0,2,2,0
692,0,4,1,3,0,0,2,2,0
693,0,4,2,2,0,0,2,2,1
694,0,4,3,1,0,0,2,2,0
695,0,4,4,0,0,0,2,2,0
696,1,0,0,1,0,0,2,2,0
697,1,0,1,0,0,0,2,2,0
698,1,1,0,2,0,0,2,2,0
699,1,1,1,1,0,0,2,2,0
700,1,1,2,0,0,0,2,2,0
701,1,2,0,3,0,0,2,2,0
702,1,2,1,2,0,0,2,2,0
703,1,2,2,1,0,0,2,2,0
704,1,2,3,0,0,0,2,2,0
705,1,3,0,4,0,0,2,2,0
706,1,3,1,3,0,0,2,2,0
707,1,3,2,2,0,0,2,2,0
708,1,3,3,1,0,0,2,2,0
709,1,3,4,0,0,0,2,2,0
710,1,4,1,4,0,0,2,2,0
711,1,4,2,3,0,0,2,2,0
712,1,4,3,2,0,0,2,2,0
713,1,4,4,1,0,0,2,2,0
714,2,0,0,2,0,0,2,2,0
715,2,0,1,1,0,0,2,2,0
716,2,0,2,0,0,0,2,2,0
717,2,1,0,3,0,0,2,2,0
718,2,1,1,2,0,0,2,2,0
719,2,1,2,1,0,0,2,2,0
720,2,1,3,0,0,0,2,2,0
721,2,2,0,4,0,0,2,2,0
722,2,2,1,3,0,0,2,2,0
723,2,2,2,2,0,0,2,2,0
724,2,2,3,1,0,0,2,2,0
725,2,2,4,0,0,0,2,2,0
726,2,3,1,4,0,0,2,2,0
727,2,3,2,3,0,0,2,2,0
728,2,3,3,2,0,0,2,2,0
729,2,3,4,1,0,0,2,2,0
730,2,4,2,4,0,0,2,2,0
731,2,4,3,3,0,0,2,2,0
732,2,4,4,2,0,0,2,2,0
733,3,0,0,3,0,0,2,2,0
734,3,0,1,2,0,0,2,2,0
735,3,0,2,1,0,0,2,2,0
736,3,0,3,0,0,0,2,2,0
737,3,1,0,4,0,0,2,2,0
738,3,1,1,3,0,0,2,2,0
739,3,1,2,2,0,0,2,2,0
740,3,1,3,1,0,0,2,2,0
741,3,1,4,0,0,0,2,2,0
742,3,2,1,4,0,0,2,2,0
743,3,2,2,3,0,0,2,2,0
744,3,2,3,2,0,0,2,2,0
745,3,2,4,1,0,0,2,2,0
746,3,3,2,4,0,0,2,2,0
747,3,3,3,3,0,0,2,2,0
748,3,3,4,2,0,0,2,2,0
749,3,4,3,4,0,0,2,2,0
750,3,4,4,3,0,0,2,2,0
751,4,0,0,4,0,0,2,2,0
752,4,0,1,3,0,0,2,2,0
753,4,0,2,2,0,0,2,2,0
754,4,0,3,1,0,0,2,2,0
755,4,0,4,0,0,0,2,2,0
756,4,1,1,4,0,0,2,2,0
757,4,1,2,3,0,0,2,2,0
758,4,1,3,2,0,0,2,2,0
759,4,1,4,1,0,0,2,2,0
760,4,2,2,4,0,0,2,2,0
761,4,2,3,3,0,0,2,2,0
762,4,2,4,2,0,0,2,2,0
763,4,3,3,4,0,0,2,2,0
764,4,3,4,3,0,0,2,2,0
765,4,4,4,4,0,0,2,2,0
766,0,0,0,0,0,1,0,0,1
767,0,1,0,1,0,1,0,0,0
768,0,1,1,0,0,1,0,0,0
769,0,2,0,2,0,1,0,0,0
770,0,2,1,1,0,1,0,0,0
771,0,2,2,0,0,1,0,0,0
772,0,3,0,3,0,1,0,0,0
773,0,3,1,2,0,1,0,0,0
774,0,3,2,1,0,1,0,0,0
775,0,3,3,0,0,1,0,0,0
776,0,4,0,4,0,1,0,0,0
777,0,4,1,3,0,1,0,0,0
778,0,4,2,2,0,1,0,0,0
779,0,4,3,1,0,1,0,0,0
780,0,4,4,0,0,1,0,0,0
781,1,0,0,1,0,1,0,0,1
782,1,0,1,0,0,1,0,0,0
783,1,1,0,2,0,1,0,0,0
784,1,1,1,1,0,1,0,0,0
785,1,1,2,0,0,1,0,0,0
786,1,2,0,3,0,1,0,0,0
787,1,2,1,2,0,1,0,0,0
788,1,2,2,1,0,1,0,0,0
789,1,2,3,0,0,1,0,0,0
790,1,3,0,4,0,1,0,0,0
791,1,3,1,3,0,1,0,0,0
792,1,3,2,2,0,1,0,0,0
793,1,3,3,1,0,1,0,0,0
794,1,3,4,0,0,1,0,0,0
795,1,4,1,4,0,1,0,0,0
796,1,4,2,3,0,1,0,0,0
797,1,4,3,2,0,1,0,0,0
798,1,4,4,1,0,1,0,0,0
799,2,0,0,2,0,1,0,0,0
800,2,0,1,1,0,1,0,0,0
801,2,0,2,0,0,1,0,0,0
802,2,1,0,3,0,1,0,0,0
803,2,1,1,2,0,1,0,0,0
804,2,1,2,1,0,1,0,0,0
805,2,1,3,0,0,1,0,0,0
806,2,2,0,4,0,1,0,0,0
807,2,2,1,3,0,1,0,0,0
808,2,2,2,2,0,1,0,0,0
809,2,2,3,1,0,1,0,0,0
810,2,2,4,0,0,1,0,0,0
811,2,3,1,4,0,1,0,0,0
812,2,3,2,3,0,1,0,0,0
813,2,3,3,2,0,1,0,0,0
814,2,3,4,1,0,1,0,0,0
815,2,4,2,4,0,1,0,0,0
816,2,4,3,3,0,1,0,0,0
817,2,4,4,2,0,1,0,0,0
818,3,0,0,3,0,1,0,0,0
819,3,0,1,2,0,1,0,0,0
820,3,0,2,1,0,1,0,0,0
821,3,0,3,0,0,1,0,0,0
822,3,1,0,4,0,1,0,0,0
823,3,1,1,3,0,1,0,0,0
824,3,1,2,2,0,1,0,0,0
825,3,1,3,1,0,1,0,0,0
826,3,1,4,0,0,1,0,0,0
827,3,2,1,4,0,1,0,0,0
828,3,2,2,3,0,1,0,0,0
829,3,2,3,2,0,1,0,0,0
830,3,2,4,1,0,1,0,0,0
831,3,3,2,4,0,1,0,0,0
832,3,3,3,3,0,1,0,0,0
833,3,3,4,2,0,1,0,0,0
834,3,4,3,4,0,1,0,0,0
835,3,4,4,3,0,1,0,0,0
836,4,0,0,4,0,1,0,0,0
837,4,0,1,3,0,1,0,0,0
838,4,0,2,2,0,1,0,0,0
839,4,0,3,1,0,1,0,0,0
840,4,0,4,0,0,1,0,0,0
841,4,1,1,4,0,1,0,0,0
842,4,1,2,3,0,1,0,0,0
843,4,1,3,2,0,1,0,0,0
844,4,1,4,1,0,1,0,0,0
845,4,2,2,4,0,1,0,0,0
846,4,2,3,3,0,1,0,0,0
847,4,2,4,2,0,1,0,0,0
848,4,3,3,4,0,1,0,0,0
849,4,3,4,3,0,1,0,0,0
850,4,4,4,4,0,1,0,0,0
851,0,0,0,0,0,1,0,1,1
852,0,1,0,1,0,1,0,1,1
853,0,1,1,0,0,1,0,1,0
854,0,2,0,2,0,1,0,1,0
855,0,2,1,1,0,1,0,1,0
856,0,2,2,0,0,1,0,1,0
857,0,3,0,3,0,1,0,1,0
858,0,3,1,2,0,1,0,1,0
859,0,3,2,1,0,1,0,1,0
860,0,3,3,0,0,1,0,1,0
861,0,4,0,4,0,1,0,1,0
862,0,4,1,3,0,1,0,1,0
863,0,4,2,2,0,1,0,1,0
864,0,4,3,1,0,1,0,1,0
865,0,4,4,0,0,1,0,1,0
866,1,0,0,1,0,1,0,1,1
867,1,0,1,0,0,1,0,1,0
868,1,1,0,2,0,1,0,1,1
869,1,1,1,1,0,1,0,1,0
870,1,1,2,0,0,1,0,1,0
871,1,2,0,3,0,1,0,1,0
872,1,2,1,2,0,1,0,1,0
873,1,2,2,1,0,1,0,1,0
874,1,2,3,0,0,1,0,1,0
875,1,3,0,4,0,1,0,1,0
876,1,3,1,3,0,1,0,1,0
877,1,3,2,2,0,1,0,1,0
878,1,3,3,1,0,1,0,1,0
879,1,3,4,0,0,1,0,1,0
880,1,4,1,4,0,1,0,1,0
881,1,4,2,3,0,1,0,1,0
882,1,4,3,2,0,1,0,1,0
883,1,4,4,1,0,1,0,1,0
884,2,0,0,2,0,1,0,1,0
885,2,0,1,1,0,1,0,1,0
886,2,0,2,0,0,1,0,1,0
887,2,1,0,3,0,1,0,1,0
888,2,1,1,2,0,1,0,1,0
889,2,1,2,1,0,1,0,1,0
890,2,1,3,0,0,1,0,1,0
891,2,2,0,4,0,1,0,1,0
892,2,2,1,3,0,1,0,1,0
893,2,2,2,2,0,1,0,1,0
894,2,2,3,1,0,1,0,1,0
895,2,2,4,0,0,1,0,1,0
896,2,3,1,4,0,1,0,1,0
897,2,3,2,3,0,1,0,1,0
898,2,3,3,2,0,1,0,1,0
899,2,3,4,1,0,1,0,1,0
900,2,4,2,4,0,1,0,1,0
901,2,4,3,3,0,1,0,1,0
902,2,4,4,2,0,1,0,1,0
903,3,0,0,3,0,1,0,1,0
904,3,0,1,2,0,1,0,1,0
905,3,0,2,1,0,1,0,1,0
906,3,0,3,0,0,1,0,1,0
907,3,1,0,4,0,1,0,1,0
908,3,1,1,3,0,1,0,1,0
909,3,1,2,2,0,1,0,1,0
910,3,1,3,1,0,1,0,1,0
911,3,1,4,0,0,1,0,1,0
912,3,2,1,4,0,1,0,1,0
913,3,2,2,3,0,1,0,1,0
914,3,2,3,2,0,1,0,1,0
915,3,2,4,1,0,1,0,1,0
916,3,3,2,4,0,1,0,1,0
917,3,3,3,3,0,1,0,1,0
918,3,3,4,2,0,1,0,1,0
919,3,4,3,4,0,1,0,1,0
920,3,4,4,3,0,1,0,1,0
921,4,0,0,4,0,1,0,1,0
922,4,0,1,3,0,1,0,1,0
923,4,0,2,2,0,1,0,1,0
924,4,0,3,1,0,1,0,1,0
925,4,0,4,0,0,1,0,1,0
926,4,1,1,4,0,1,0,1,0
927,4,1,2,3,0,1,0,1,0
928,4,1,3,2,0,1,0,1,0
929,4,1,4,1,0,1,0,1,0
930,4,2,2,4,0,1,0,1,0
931,4,2,3,3,0,1,0,1,0
932,4,2,4,2,0,1,0,1,0
933,4,3,3,4,0,1,0,1,0
934,4,3,4,3,0,1,0,1,0
935,4,4,4,4,0,1,0,1,0
936,0,0,0,0,0,1,0,2,1
937,0,1,0,1,0,1,0,2,1
938,0,1,1,0,0,1,0,2,0
939,0,2,0,2,0,1,0,2,1
940,0,2,1,1,0,1,0,2,0
941,0,2,2,0,0,1,0,2,0
942,0,3,0,3,0,1,0,2,0
943,0,3,1,2,0,1,0,2,0
944,0,3,2,1,0,1,0,2,0
945,0,3,3,0,0,1,0,2,0
946,0,4,0,4,0,1,0,2,0
947,0,4,1,3,0,1,0,2,0
948,0,4,2,2,0,1,0,2,0
949,0,4,3,1,0,1,0,2,0
950,0,4,4,0,0,1,0,2,0
951,1,0,0,1,0,1,0,2,1
952,1,0,1,0,0,1,0,2,0
953,1,1,0,2,0,1,0,2,1
954,1,1,1,1,0,1,0,2,0
955,1,1,2,0,0,1,0,2,0
956,1,2,0,3,0,1,0,2,1
957,1,2,1,2,0,1,0,2,0
958,1,2,2,1,0,1,0,2,0
959,1,2,3,0,0,1,0,2,0
960,1,3,0,4,0,1,0,2,0
961,1,3,1,3,0,1,0,2,0
962,1,3,2,2,0,1,0,2,0
963,1,3,3,1,0,1,0,2,0
964,1,3,4,0,0,1,0,2,0
965,1,4,1,4,0,1,0,2,0
966,1,4,2,3,0,1,0,2,0
967,1,4,3,2,0,1,0,2,0
968,1,4,4,1,0,1,0,2,0
969,2,0,0,2,0,1,0,2,0
970,2,0,1,1,0,1,0,2,0
971,2,0,2,0,0,1,0,2,0
972,2,1,0,3,0,1,0,2,0
973,2,1,1,2,0,1,0,2,0
974,2,1,2,1,0,1,0,2,0
975,2,1,3,0,0,1,0,2,0
976,2,2,0,4,0,1,0,2,0
977,2,2,1,3,0,1,0,2,0
978,2,2,2,2,0,1,0,2,0
979,2,2,3,1,0,1,0,2,0
980,2,2,4,0,0,1,0,2,0
981,2,3,1,4,0,1,0,2,0
982,2,3,2,3,0,1,0,2,0
983,2,3,3,2,0,1,0,2,0
984,2,3,4,1,0,1,0,2,0
985,2,4,2,4,0,1,0,2,0
986,2,4,3,3,0,1,0,2,0
987,2,4,4,2,0,1,0,2,0
988,3,0,0,3,0,1,0,2,0
989,3,0,1,2,0,1,0,2,0
990,3,0,2,1,0,1,0,2,0
991,3,0,3,0,0,1,0,2,0
992,3,1,0,4,0,1,0,2,0
993,3,1,1,3,0,1,0,2,0
994,3,1,2,2,0,1,0,2,0
995,3,1,3,1,0,1,0,2,0
996,3,1,4,0,0,1,0,2,0
997,3,2,1,4,0,1,0,2,0
998,3,2,2,3,0,1,0,2,0
999,3,2,3,2,0,1,0,2,0
1000,3,2,4,1,0,1,0,2,0
1001,3,3,2,4,0,1,0,2,0
1002,3,3,3,3,0,1,0,2,0
1003,3,3,4,2,0,1,0,2,0
1004,3,4,3,4,0,1,0,2,0
1005,3,4,4,3,0,1,0,2,0
1006,4,0,0,4,0,1,0,2,0
1007,4,0,1,3,0,1,0,2,0
1008,4,0,2,2,0,1,0,2,0
1009,4,0,3,1,0,1,0,2,0
1010,4,0,4,0,0,1,0,2,0
1011,4,1,1,4,0,1,0,2,0
1012,4,1,2,3,0,1,0,2,0
1013,4,1,3,2,0,1,0,2,0
1014,4,1,4,1,0,1,0,2,0
1015,4,2,2,4,0,1,0,2,0
1016,4,2,3,3,0,1,0,2,0
1017,4,2,4,2,0,1,0,2,0
1018,4,3,3,4,0,1,0,2,0
1019,4,3,4,3,0,1,0,2,0
1020,4,4,4,4,0,1,0,2,0
1021,0,0,0,0,0,1,1,0,1
1022,0,1,0,1,0,1,1,0,0
1023,0,1,1,0,0,1,1,0,1
1024,0,2,0,2,0,1,1,0,0
1025,0,2,1,1,0,1,1,0,0
1026,0,2,2,0,0,1,1,0,0
1027,0,3,0,3,0,1,1,0,0
1028,0,3,1,2,0,1,1,0,0
1029,0,3,2,1,0,1,1,0,0
1030,0,3,3,0,0,1,1,0,0
1031,0,4,0,4,0,1,1,0,0
1032,0,4,1,3,0,1,1,0,0
1033,0,4,2,2,0,1,1,0,0
1034,0,4,3,1,0,1,1,0,0
1035,0,4,4,0,0,1,1,0,0
1036,1,0,0,1,0,1,1,0,1
1037,1,0,1,0,0,1,1,0,0
1038,1,1,0,2,0,1,1,0,0
1039,1,1,1,1,0,1,1,0,1
1040,1,1,2,0,0,1,1,0,0
1041,1,2,0,3,0,1,1,0,0
1042,1,2,1,2,0,1,1,0,0
1043,1,2,2,1,0,1,1,0,0
1044,1,2,3,0,0,1,1,0,0
1045,1,3,0,4,0,1,1,0,0
1046,1,3,1,3,0,1,1,0,0
1047,1,3,2,2,0,1,1,0,0
1048,1,3,3,1,0,1,1,0,0
1049,1,3,4,0,0,1,1,0,0
1050,1,4,1,4,0,1,1,0,0
1051,1,4,2,3,0,1,1,0,0
1052,1,4,3,2,0,1,1,0,0
1053,1,4,4,1,0,1,1,0,0
1054,2,0,0,2,0,1,1,0,0
1055,2,0,1,1,0,1,1,0,0
1056,2,0,2,0,0,1,1,0,0
1057,2,1,0,3,0,1,1,0,0
1058,2,1,1,2,0,1,1,0,0
1059,2,1,2,1,0,1,1,0,0
1060,2,1,3,0,0,1,1,0,0
1061,2,2,0,4,0,1,1,0,0
1062,2,2,1,3,0,1,1,0,0
1063,2,2,2,2,0,1,1,0,0
1064,2,2,3,1,0,1,1,0,0
1065,2,2,4,0,0,1,1,0,0
1066,2,3,1,4,0,1,1,0,0
1067,2,3,2,3,0,1,1,0,0
1068,2,3,3,2,0,1,1,0,0
1069,2,3,4,1,0,1,1,0,0
1070,2,4,2,4,0,1,1,0,0
1071,2,4,3,3,0,1,1,0,0
1072,2,4,4,2,0,1,1,0,0
1073,3,0,0,3,0,1,1,0,0
1074,3,0,1,2,0,1,1,0,0
1075,3,0,2,1,0,1,1,0,0
1076,3,0,3,0,0,1,1,0,0
1077,3,1,0,4,0,1,1,0,0
1078,3,1,1,3,0,1,1,0,0
1079,3,1,2,2,0,1,1,0,0
1080,3,1,3,1,0,1,1,0,0
1081,3,1,4,0,0,1,1,0,0
1082,3,2,1,4,0,1,1,0,0
1083,3,2,2,3,0,1,1,0,0
1084,3,2,3,2,0,1,1,0,0
1085,3,2,4,1,0,1,1,0,0
1086,3,3,2,4,0,1,1,0,0
1087,3,3,3,3,0,1,1,0,0
1088,3,3,4,2,0,1,1,0,0
1089,3,4,3,4,0,1,1,0,0
1090,3,4,4,3,0,1,1,0,0
1091,4,0,0,4,0,1,1,0,0
1092,4,0,1,3,0,1,1,0,0
1093,4,0,2,2,0,1,1,0,0
1094,4,0,3,1,0,1,1,0,0
1095,4,0,4,0,0,1,1,0,0
1096,4,1,1,4,0,1,1,0,0
1097,4,1,2,3,0,1,1,0,0
1098,4,1,3,2,0,1,1,0,0
1099,4,1,4,1,0,1,1,0,0
1100,4,2,2,4,0,1,1,0,0
1101,4,2,3,3,0,1,1,0,0
1102,4,2,4,2,0,1,1,0,0
1103,4,3,3,4,0,1,1,0,0
1104,4,3,4,3,0,1,1,0,0
1105,4,4,4,4,0,1,1,0,0
1106,0,0,0,0,0,1,1,1,1
1107,0,1,0,1,0,1,1,1,1
1108,0,1,1,0,0,1,1,1,1
1109,0,2,0,2,0,1,1,1,0
1110,0,2,1,1,0,1,1,1,1
1111,0,2,2,0,0,1,1,1,0
1112,0,3,0,3,0,1,1,1,0
1113,0,3,1,2,0,1,1,1,0
1114,0,3,2,1,0,1,1,1,0
1115,0,3,3,0,0,1,1,1,0
1116,0,4,0,4,0,1,1,1,0
1117,0,4,1,3,0,1,1,1,0
1118,0,4,2,2,0,1,1,1,0
1119,0,4,3,1,0,1,1,1,0
1120,0,4,4,0,0,1,1,1,0
1121,1,0,0,1,0,1,1,1,1
1122,1,0,1,0,0,1,1,1,0
1123,1,1,0,2,0,1,1,1,1
1124,1,1,1,1,0,1,1,1,1
1125,1,1,2,0,0,1,1,1,0
1126,1,2,0,3,0,1,1,1,0
1127,1,2,1,2,0,1,1,1,1
1128,1,2,2,1,0,1,1,1,0
1129,1,2,3,0,0,1,1,1,0
1130,1,3,0,4,0,1,1,1,0
1131,1,3,1,3,0,1,1,1,0
1132,1,3,2,2,0,1,1,1,0
1133,1,3,3,1,0,1,1,1,0
1134,1,3,4,0,0,1,1,1,0
1135,1,4,1,4,0,1,1,1,0
1136,1,4,2,3,0,1,1,1,0
1137,1,4,3,2,0,1,1,1,0
1138,1,4,4,1,0,1,1,1,0
1139,2,0,0,2,0,1,1,1,0
1140,2,0,1,1,0,1,1,1,0
1141,2,0,2,0,0,1,1,1,0
1142,2,1,0,3,0,1,1,1,0
1143,2,1,1,2,0,1,1,1,0
1144,2,1,2,1,0,1,1,1,0
1145,2,1,3,0,0,1,1,1,0
1146,2,2,0,4,0,1,1,1,0
1147,2,2,1,3,0,1,1,1,0
1148,2,2,2,2,0,1,1,1,0
1149,2,2,3,1,0,1,1,1,0
1150,2,2,4,0,0,1,1,1,0
1151,2,3,1,4,0,1,1,1,0
1152,2,3,2,3,0,1,1,1,0
1153,2,3,3,2,0,1,1,1,0
1154,2,3,4,1,0,1,1,1,0
1155,2,4,2,4,0,1,1,1,0
1156,2,4,3,3,0,1,1,1,0
1157,2,4,4,2,0,1,1,1,0
1158,3,0,0,3,0,1,1,1,0
1159,3,0,1,2,0,1,1,1,0
1160,3,0,2,1,0,1,1,1,0
1161,3,0,3,0,0,1,1,1,0
1162,3,1,0,4,0,1,1,1,0
1163,3,1,1,3,0,1,1,1,0
1164,3,1,2,2,0,1,1,1,0
1165,3,1,3,1,0,1,1,1,0
1166,3,1,4,0,0,1,1,1,0
1167,3,2,1,4,0,1,1,1,0
1168,3,2,2,3,0,1,1,1,0
1169,3,2,3,2,0,1,1,1,0
1170,3,2,4,1,0,1,1,1,0
1171,3,3,2,4,0,1,1,1,0
1172,3,3,3,3,0,1,1,1,0
1173,3,3,4,2,0,1,1,1,0
1174,3,4,3,4,0,1,1,1,0
1175,3,4,4,3,0,1,1,1,0
1176,4,0,0,4,0,1,1,1,0
1177,4,0,1,3,0,1,1,1,0
1178,4,0,2,2,0,1,1,1,0
1179,4,0,3,1,0,1,1,1,0
1180,4,0,4,0,0,1,1,1,0
1181,4,1,1,4,0,1,1,1,0
1182,4,1,2,3,0,1,1,1,0
1183,4,1,3,2,0,1,1,1,0
1184,4,1,4,1,0,1,1,1,0
1185,4,2,2,4,0,1,1,1,0
1186,4,2,3,3,0,1,1,1,0
1187,4,2,4,2,0,1,1,1,0
1188,4,3,3,4,0,1,1,1,0
1189,4,3,4,3,0,1,1,1,0
1190,4,4,4,4,0,1,1,1,0
1191,0,0,0,0,0,1,1,2,1
1192,0,1,0,1,0,1,1,2,1
1193,0,1,1,0,0,1,1,2,1
1194,0,2,0,2,0,1,1,2,1
1195,0,2,1,1,0,1,1,2,1
1196,0,2,2,0,0,1,1,2,0
1197,0,3,0,3,0,1,1,2,0
1198,0,3,1,2,0,1,1,2,1
1199,0,3,2,1,0,1,1,2,0
1200,0,3,3,0,0,1,1,2,0
1201,0,4,0,4,0,1,1,2,0
1202,0,4,1,3,0,1,1,2,0
1203,0,4,2,2,0,1,1,2,0
1204,0,4,3,1,0,1,1,2,0
1205,0,4,4,0,0,1,1,2,0
1206,1,0,0,1,0,1,1,2,1
1207,1,0,1,0,0,1,1,2,0
1208,1,1,0,2,0,1,1,2,1
1209,1,1,1,1,0,1,1,2,1
1210,1,1,2,0,0,1,1,2,0
1211,1,2,0,3,0,1,1,2,1
1212,1,2,1,2,0,1,1,2,1
1213,1,2,2,1,0,1,1,2,0
1214,1,2,3,0,0,1,1,2,0
1215,1,3,0,4,0,1,1,2,0
1216,1,3,1,3,0,1,1,2,1
1217,1,3,2,2,0,1,1,2,0
1218,1,3,3,1,0,1,1,2,0
1219,1,3,4,0,0,1,1,2,0
1220,1,4,1,4,0,1,1,2,0
1221,1,4,2,3,0,1,1,2,0
1222,1,4,3,2,0,1,1,2,0
1223,1,4,4,1,0,1,1,2,0
1224,2,0,0,2,0,1,1,2,0
1225,2,0,1,1,0,1,1,2,0
1226,2,0,2,0,0,1,1,2,0
1227,2,1,0,3,0,1,1,2,0
1228,2,1,1,2,0,1,1,2,0
1229,2,1,2,1,0,1,1,2,0
1230,2,1,3,0,0,1,1,2,0
1231,2,2,0,4,0,1,1,2,0
1232,2,2,1,3,0,1,1,2,0
1233,2,2,2,2,0,1,1,2,0
1234,2,2,3,1,0,1,1,2,0
1235,2,2,4,0,0,1,1,2,0
1236,2,3,1,4,0,1,1,2,0
1237,2,3,2,3,0,1,1,2,0
1238,2,3,3,2,0,1,1,2,0
1239,2,3,4,1,0,1,1,2,0
1240,2,4,2,4,0,1,1,2,0
1241,2,4,3,3,0,1,1,2,0
1242,2,4,4,2,0,1,1,2,0
1243,3,0,0,3,0,1,1,2,0
1244,3,0,1,2,0,1,1,2,0
1245,3,0,2,1,0,1,1,2,0
1246,3,0,3,0,0,1,1,2,0
1247,3,1,0,4,0,1,1,2,0
1248,3,1,1,3,0,1,1,2,0
1249,3,1,2,2,0,1,1,2,0
1250,3,1,3,1,0,1,1,2,0
1251,3,1,4,0,0,1,1,2,0
1252,3,2,1,4,0,1,1,2,0
1253,3,2,2,3,0,1,1,2,0
1254,3,2,3,2,0,1,1,2,0
1255,3,2,4,1,0,1,1,2,0
1256,3,3,2,4,0,1,1,2,0
1257,3,3,3,3,0,1,1,2,0
1258,3,3,4,2,0,1,1,2,0
1259,3,4,3,4,0,1,1,2,0
1260,3,4,4,3,0,1,1,2,0
1261,4,0,0,4,0,1,1,2,0
1262,4,0,1,3,0,1,1,2,0
1263,4,0,2,2,0,1,1,2,0
1264,4,0,3,1,0,1,1,2,0
1265,4,0,4,0,0,1,1,2,0
1266,4,1,1,4,0,1,1,2,0
1267,4,1,2,3,0,1,1,2,0
1268,4,1,3,2,0,1,1,2,0
1269,4,1,4,1,0,1,1,2,0
1270,4,2,2,4,0,1,1,2,0
1271,4,2,3,3,0,1,1,2,0
1272,4,2,4,2,0,1,1,2,0
1273,4,3,3,4,0,1,1,2,0
1274,4,3,4,3,0,1,1,2,0
1275,4,4,4,4,0,1,1,2,0
1276,0,0,0,0,0,1,2,0,1
1277,0,1,0,1,0,1,2,0,0
1278,0,1,1,0,0,1,2,0,1
1279,0,2,0,2,0,1,2,0,0
1280,0,2,1,1,0,1,2,0,0
1281,0,2,2,0,0,1,2,0,1
1282,0,3,0,3,0,1,2,0,0
1283,0,3,1,2,0,1,2,0,0
1284,0,3,2,1,0,1,2,0,0
1285,0,3,3,0,0,1,2,0,0
1286,0,4,0,4,0,1,2,0,0
1287,0,4,1,3,0,1,2,0,0
1288,0,4,2,2,0,1,2,0,0
1289,0,4,3,1,0,1,2,0,0
1290,0,4,4,0,0,1,2,0,0
1291,1,0,0,1,0,1,2,0,1
1292,1,0,1,0,0,1,2,0,0
1293,1,1,0,2,0,1,2,0,0
1294,1,1,1,1,0,1,2,0,1
1295,1,1,2,0,0,1,2,0,0
1296,1,2,0,3,0,1,2,0,0
1297,1,2,1,2,0,1,2,0,0
1298,1,2,2,1,0,1,2,0,1
1299,1,2,3,0,0,1,2,0,0
1300,1,3,0,4,0,1,2,0,0
1301,1,3,1,3,0,1,2,0,0
1302,1,3,2,2,0,1,2,0,0
1303,1,3,3,1,0,1,2,0,0
1304,1,3,4,0,0,1,2,0,0
1305,1,4,1,4,0,1,2,0,0
1306,1,4,2,3,0,1,2,0,0
1307,1,4,3,2,0,1,2,0,0
1308,1,4,4,1,0,1,2,0,0
1309,2,0,0,2,0,1,2,0,0
1310,2,0,1,1,0,1,2,0,0
1311,2,0,2,0,0,1,2,0,0
1312,2,1,0,3,0,1,2,0,0
1313,2,1,1,2,0,1,2,0,0
1314,2,1,2,1,0,1,2,0,0
1315,2,1,3,0,0,1,2,0,0
1316,2,2,0,4,0,1,2,0,0
1317,2,2,1,3,0,1,2,0,0
1318,2,2,2,2,0,1,2,0,0
1319,2,2,3,1,0,1,2,0,0
1320,2,2,4,0,0,1,2,0,0
1321,2,3,1,4,0,1,2,0,0
1322,2,3,2,3,0,1,2,0,0
1323,2,3,3,2,0,1,2,0,0
1324,2,3,4,1,0,1,2,0,0
1325,2,4,2,4,0,1,2,0,0
1326,2,4,3,3,0,1,2,0,0
1327,2,4,4,2,0,1,2,0,0
1328,3,0,0,3,0,1,2,0,0
1329,3,0,1,2,0,1,2,0,0
1330,3,0,2,1,0,1,2,0,0
1331,3,0,3,0,0,1,2,0,0
1332,3,1,0,4,0,1,2,0,0
1333,3,1,1,3,0,1,2,0,0
1334,3,1,2,2,0,1,2,0,0
1335,3,1,3,1,0,1,2,0,0
1336,3,1,4,0,0,1,2,0,0
1337,3,2,1,4,0,1,2,0,0
1338,3,2,2,3,0,1,2,0,0
1339,3,2,3,2,0,1,2,0,0
1340,3,2,4,1,0,1,2,0,0
1341,3,3,2,4,0,1,2,0,0
1342,3,3,3,3,0,1,2,0,0
1343,3,3,4,2,0,1,2,0,0
1344,3,4,3,4,0,1,2,0,0
1345,3,4,4,3,0,1,2,0,0
1346,4,0,0,4,0,1,2,0,0
1347,4,0,1,3,0,1,2,0,0
1348,4,0,2,2,0,1,2,0,0
1349,4,0,3,1,0,1,2,0,0
1350,4,0,4,0,0,1,2,0,0
1351,4,1,1,4,0,1,2,0,0
1352,4,1,2,3,0,1,2,0,0
1353,4,1,3,2,0,1,2,0,0
1354,4,1,4,1,0,1,2,0,0
1355,4,2,2,4,0,1,2,0,0
1356,4,2,3,3,0,1,2,0,0
1357,4,2,4,2,0,1,2,0,0
1358,4,3,3,4,0,1,2,0,0
1359,4,3,4,3,0,1,2,0,0
1360,4,4,4,4,0,1,2,0,0
1361,0,0,0,0,0,1,2,1,1
1362,0,1,0,1,0,1,2,1,1
1363,0,1,1,0,0,1,2,1,1
1364,0,2,0,2,0,1,2,1,0
1365,0,2,1,1,0,1,2,1,1
1366,0,2,2,0,0,1,2,1,1
1367,0,3,0,3,0,1,2,1,0
1368,0,3,1,2,0,1,2,1,0
1369,0,3,2,1,0,1,2,1,1
1370,0,3,3,0,0,1,2,1,0
1371,0,4,0,4,0,1,2,1,0
1372,0,4,1,3,0,1,2,1,0
1373,0,4,2,2,0,1,2,1,0
1374,0,4,3,1,0,1,2,1,0
1375,0,4,4,0,0,1,2,1,0
1376,1,0,0,1,0,1,2,1,1
1377,1,0,1,0,0,1,2,1,0
1378,1,1,0,2,0,1,2,1,1
1379,1,1,1,1,0,1,2,1,1
1380,1,1,2,0,0,1,2,1,0
1381,1,2,0,3,0,1,2,1,0
1382,1,2,1,2,0,1,2,1,1
1383,1,2,2,1,0,1,2,1,1
1384,1,2,3,0,0,1,2,1,0
1385,1,3,0,4,0,1,2,1,0
1386,1,3,1,3,0,1,2,1,0
1387,1,3,2,2,0,1,2,1,1
1388,1,3,3,1,0,1,2,1,0
1389,1,3,4,0,0,1,2,1,0
1390,1,4,1,4,0,1,2,1,0
1391,1,4,2,3,0,1,2,1,0
1392,1,4,3,2,0,1,2,1,0
1393,1,4,4,1,0,1,2,1,0
1394,2,0,0,2,0,1,2,1,0
1395,2,0,1,1,0,1,2,1,0
1396,2,0,2,0,0,1,2,1,0
1397,2,1,0,3,0,1,2,1,0
1398,2,1,1,2,0,1,2,1,0
1399,2,1,2,1,0,1,2,1,0
1400,2,1,3,0,0,1,2,1,0
1401,2,2,0,4,0,1,2,1,0
1402,2,2,1,3,0,1,2,1,0
1403,2,2,2,2,0,1,2,1,0
1404,2,2,3,1,0,1,2,1,0
1405,2,2,4,0,0,1,2,1,0
1406,2,3,1,4,0,1,2,1,0
1407,2,3,2,3,0,1,2,1,0
1408,2,3,3,2,0,1,2,1,0
1409,2,3,4,1,0,1,2,1,0
1410,2,4,2,4,0,1,2,1,0
1411,2,4,3,3,0,1,2,1,0
1412,2,4,4,2,0,1,2,1,0
1413,3,0,0,3,0,1,2,1,0
1414,3,0,1,2,0,1,2,1,0
1415,3,0,2,1,0,1,2,1,0
1416,3,0,3,0,0,1,2,1,0
1417,3,1,0,4,0,1,2,1,0
1418,3,1,1,3,0,1,2,1,0
1419,3,1,2,2,0,1,2,1,0
1420,3,1,3,1,0,1,2,1,0
1421,3,1,4,0,0,1,2,1,0
1422,3,2,1,4,0,1,2,1,0
1423,3,2,2,3,0,1,2,1,0
1424,3,2,3,2,0,1,2,1,0
1425,3,2,4,1,0,1,2,1,0
1426,3,3,2,4,0,1,2,1,0
1427,3,3,3,3,0,1,2,1,0
1428,3,3,4,2,0,1,2,1,0
1429,3,4,3,4,0,1,2,1,0
1430,3,4,4,3,0,1,2,1,0
1431,4,0,0,4,0,1,2,1,0
1432,4,0,1,3,0,1,2,1,0
1433,4,0,2,2,0,1,2,1,0
1434,4,0,3,1,0,1,2,1,0
1435,4,0,4,0,0,1,2,1,0
1436,4,1,1,4,0,1,2,1,0
1437,4,1,2,3,0,1,2,1,0
1438,4,1,3,2,0,1,2,1,0
1439,4,1,4,1,0,1,2,1,0
1440,4,2,2,4,0,1,2,1,0
1441,4,2,3,3,0,1,2,1,0
1442,4,2,4,2,0,1,2,1,0
1443,4,3,3,4,0,1,2,1,0
1444,4,3,4,3,0,1,2,1,0
1445,4,4,4,4,0,1,2,1,0
1446,0,0,0,0,0,1,2,2,1
1447,0,1,0,1,0,1,2,2,1
1448,0,1,1,0,0,1,2,2,1
1449,0,2,0,2,0,1,2,2,1
1450,0,2,1,1,0,1,2,2,1
1451,0,2,2,0,0,1,2,2,1
1452,0,3,0,3,0,1,2,2,0
1453,0,3,1,2,0,1,2,2,1
1454,0,3,2,1,0,1,2,2,1
1455,0,3,3,0,0,1,2,2,0
1456,0,4,0,4,0,1,2,2,0
1457,0,4,1,3,0,1,2,2,0
1458,0,4,2,2,0,1,2,2,1
1459,0,4,3,1,0,1,2,2,0
1460,0,4,4,0,0,1,2,2,0
1461,1,0,0,1,0,1,2,2,1
1462,1,0,1,0,0,1,2,2,0
1463,1,1,0,2,0,1,2,2,1
1464,1,1,1,1,0,1,2,2,1
1465,1,1,2,0,0,1,2,2,0
1466,1,2,0,3,0,1,2,2,1
1467,1,2,1,2,0,1,2,2,1
1468,1,2,2,1,0,1,2,2,1
1469,1,2,3,0,0,1,2,2,0
1470,1,3,0,4,0,1,2,2,0
1471,1,3,1,3,0,1,2,2,1
1472,1,3,2,2,0,1,2,2,1
1473,1,3,3,1,0,1,2,2,0
1474,1,3,4,0,0,1,2,2,0
1475,1,4,1,4,0,1,2,2,0
1476,1,4,2,3,0,1,2,2,1
1477,1,4,3,2,0,1,2,2,0
1478,1,4,4,1,0,1,2,2,0
1479,2,0,0,2,0,1,2,2,0
1480,2,0,1,1,0,1,2,2,0
1481,2,0,2,0,0,1,2,2,0
1482,2,1,0,3,0,1,2,2,0
1483,2,1,1,2,0,1,2,2,0
1484,2,1,2,1,0,1,2,2,0
1485,2,1,3,0,0,1,2,2,0
1486,2,2,0,4,0,1,2,2,0
1487,2,2,1,3,0,1,2,2,0
1488,2,2,2,2,0,1,2,2,0
1489,2,2,3,1,0,1,2,2,0
1490,2,2,4,0,0,1,2,2,0
1491,2,3,1,4,0,1,2,2,0
1492,2,3,2,3,0,1,2,2,0
1493,2,3,3,2,0,1,2,2,0
1494,2,3,4,1,0,1,2,2,0
1495,2,4,2,4,0,1,2,2,0
1496,2,4,3,3,0,1,2,2,0
1497,2,4,4,2,0,1,2,2,0
1498,3,0,0,3,0,1,2,2,0
1499,3,0,1,2,0,1,2,2,0
1500,3,0,2,1,0,1,2,2,0
1501,3,0,3,0,0,1,2,2,0
1502,3,1,0,4,0,1,2,2,0
1503,3,1,1,3,0,1,2,2,0
1504,3,1,2,2,0,1,2,2,0
1505,3,1,3,1,0,1,2,2,0
1506,3,1,4,0,0,1,2,2,0
1507,3,2,1,4,0,1,2,2,0
1508,3,2,2,3,0,1,2,2,0
1509,3,2,3,2,0,1,2,2,0
1510,3,2,4,1,0,1,2,2,0
1511,3,3,2,4,0,1,2,2,0
1512,3,3,3,3,0,1,2,2,0
1513,3,3,4,2,0,1,2,2,0
1514,3,4,3,4,0,1,2,2,0
1515,3,4,4,3,0,1,2,2,0
1516,4,0,0,4,0,1,2,2,0
1517,4,0,1,3,0,1,2,2,0
1518,4,0,2,2,0,1,2,2,0
1519,4,0,3,1,0,1,2,2,0
1520,4,0,4,0,0,1,2,2,0
1521,4,1,1,4,0,1,2,2,0
1522,4,1,2,3,0,1,2,2,0
1523,4,1,3,2,0,1,2,2,0
1524,4,1,4,1,0,1,2,2,0
1525,4,2,2,4,0,1,2,2,0
1526,4,2,3,3,0,1,2,2,0
1527,4,2,4,2,0,1,2,2,0
1528,4,3,3,4,0,1,2,2,0
1529,4,3,4,3,0,1,2,2,0
1530,4,4,4,4,0,1,2,2,0
1531,0,0,0,0,0,2,0,0,1
1532,0,1,0,1,0,2,0,0,0
1533,0,1,1,0,0,2,0,0,0
1534,0,2,0,2,0,2,0,0,0
1535,0,2,1,1,0,2,0,0,0
1536,0,2,2,0,0,2,0,0,0
1537,0,3,0,3,0,2,0,0,0
1538,0,3,1,2,0,2,0,0,0
1539,0,3,2,1,0,2,0,0,0
1540,0,3,3,0,0,2,0,0,0
1541,0,4,0,4,0,2,0,0,0
1542,0,4,1,3,0,2,0,0,0
1543,0,4,2,2,0,2,0,0,0
1544,0,4,3,1,0,2,0,0,0
1545,0,4,4,0,0,2,0,0,0
1546,1,0,0,1,0,2,0,0,1
1547,1,0,1,0,0,2,0,0,0
1548,1,1,0,2,0,2,0,0,0
1549,1,1,1,1,0,2,0,0,0
1550,1,1,2,0,0,2,0,0,0
1551,1,2,0,3,0,2,0,0,0
1552,1,2,1,2,0,2,0,0,0
1553,1,2,2,1,0,2,0,0,0
1554,1,2,3,0,0,2,0,0,0
1555,1,3,0,4,0,2,0,0,0
1556,1,3,1,3,0,2,0,0,0
1557,1,3,2,2,0,2,0,0,0
1558,1,3,3,1,0,2,0,0,0
1559,1,3,4,0,0,2,0,0,0
1560,1,4,1,4,0,2,0,0,0
1561,1,4,2,3,0,2,0,0,0
1562,1,4,3,2,0,2,0,0,0
1563,1,4,4,1,0,2,0,0,0
1564,2,0,0,2,0,2,0,0,1
1565,2,0,1,1,0,2,0,0,0
1566,2,0,2,0,0,2,0,0,0
1567,2,1,0,3,0,2,0,0,0
1568,2,1,1,2,0,2,0,0,0
1569,2,1,2,1,0,2,0,0,0
1570,2,1,3,0,0,2,0,0,0
1571,2,2,0,4,0,2,0,0,0
1572,2,2,1,3,0,2,0,0,0
1573,2,2,2,2,0,2,0,0,0
1574,2,2,3,1,0,2,0,0,0
1575,2,2,4,0,0,2,0,0,0
1576,2,3,1,4,0,2,0,0,0
1577,2,3,2,3,0,2,0,0,0
1578,2,3,3,2,0,2,0,0,0
1579,2,3,4,1,0,2,0,0,0
1580,2,4,2,4,0,2,0,0,0
1581,2,4,3,3,0,2,0,0,0
1582,2,4,4,2,0,2,0,0,0
1583,3,0,0,3,0,2,0,0,0
1584,3,0,1,2,0,2,0,0,0
1585,3,0,2,1,0,2,0,0,0
1586,3,0,3,0,0,2,0,0,0
1587,3,1,0,4,0,2,0,0,0
1588,3,1,1,3,0,2,0,0,0
1589,3,1,2,2,0,2,0,0,0
1590,3,1,3,1,0,2,0,0,0
1591,3,1,4,0,0,2,0,0,0
1592,3,2,1,4,0,2,0,0,0
1593,3,2,2,3,0,2,0,0,0
1594,3,2,3,2,0,2,0,0,0
1595,3,2,4,1,0,2,0,0,0
1596,3,3,2,4,0,2,0,0,0
1597,3,3,3,3,0,2,0,0,0
1598,3,3,4,2,0,2,0,0,0
1599,3,4,3,4,0,2,0,0,0
1600,3,4,4,3,0,2,0,0,0
1601,4,0,0,4,0,2,0,0,0
1602,4,0,1,3,0,2,0,0,0
1603,4,0,2,2,0,2,0,0,0
1604,4,0,3,1,0,2,0,0,0
1605,4,0,4,0,0,2,0,0,0
1606,4,1,1,4,0,2,0,0,0
1607,4,1,2,3,0,2,0,0,0
1608,4,1,3,2,0,2,0,0,0
1609,4,1,4,1,0,2,0,0,0
1610,4,2,2,4,0,2,0,0,0
1611,4,2,3,3,0,2,0,0,0
1612,4,2,4,2,0,2,0,0,0
1613,4,3,3,4,0,2,0,0,0
1614,4,3,4,3,0,2,0,0,0
1615,4,4,4,4,0,2,0,0,0
1616,0,0,0,0,0,2,0,1,1
1617,0,1,0,1,0,2,0,1,1
1618,0,1,1,0,0,2,0,1,0
1619,0,2,0,2,0,2,0,1,0
1620,0,2,1,1,0,2,0,1,0
1621,0,2,2,0,0,2,0,1,0
1622,0,3,0,3,0,2,0,1,0
1623,0,3,1,2,0,2,0,1,0
1624,0,3,2,1,0,2,0,1,0
1625,0,3,3,0,0,2,0,1,0
1626,0,4,0,4,0,2,0,1,0
1627,0,4,1,3,0,2,0,1,0
1628,0,4,2,2,0,2,0,1,0
1629,0,4,3,1,0,2,0,1,0
1630,0,4,4,0,0,2,0,1,0
1631,1,0,0,1,0,2,0,1,1
1632,1,0,1,0,0,2,0,1,0
1633,1,1,0,2,0,2,0,1,1
1634,1,1,1,1,0,2,0,1,0
1635,1,1,2,0,0,2,0,1,0
1636,1,2,0,3,0,2,0,1,0
1637,1,2,1,2,0,2,0,1,0
1638,1,2,2,1,0,2,0,1,0
1639,1,2,3,0,0,2,0,1,0
1640,1,3,0,4,0,2,0,1,0
1641,1,3,1,3,0,2,0,1,0
1642,1,3,2,2,0,2,0,1,0
1643,1,3,3,1,0,2,0,1,0
1644,1,3,4,0,0,2,0,1,0
1645,1,4,1,4,0,2,0,1,0
1646,1,4,2,3,0,2,0,1,0
1647,1,4,3,2,0,2,0,1,0
1648,1,4,4,1,0,2,0,1,0
1649,2,0,0,2,0,2,0,1,1
1650,2,0,1,1,0,2,0,1,0
1651,2,0,2,0,0,2,0,1,0
1652,2,1,0,3,0,2,0,1,1
1653,2,1,1,2,0,2,0,1,0
1654,2,1,2,1,0,2,0,1,0
1655,2,1,3,0,0,2,0,1,0
1656,2,2,0,4,0,2,0,1,0
1657,2,2,1,3,0,2,0,1,0
1658,2,2,2,2,0,2,0,1,0
1659,2,2,3,1,0,2,0,1,0
1660,2,2,4,0,0,2,0,1,0
1661,2,3,1,4,0,2,0,1,0
1662,2,3,2,3,0,2,0,1,0
1663,2,3,3,2,0,2,0,1,0
1664,2,3,4,1,0,2,0,1,0
1665,2,4,2,4,0,2,0,1,0
1666,2,4,3,3,0,2,0,1,0
1667,2,4,4,2,0,2,0,1,0
1668,3,0,0,3,0,2,0,1,0
1669,3,0,1,2,0,2,0,1,0
1670,3,0,2,1,0,2,0,1,0
1671,3,0,3,0,0,2,0,1,0
1672,3,1,0,4,0,2,0,1,0
1673,3,1,1,3,0,2,0,1,0
1674,3,1,2,2,0,2,0,1,0
1675,3,1,3,1,0,2,0,1,0
1676,3,1,4,0,0,2,0,1,0
1677,3,2,1,4,0,2,0,1,0
1678,3,2,2,3,0,2,0,1,0
1679,3,2,3,2,0,2,0,1,0
1680,3,2,4,1,0,2,0,1,0
1681,3,3,2,4,0,2,0,1,0
1682,3,3,3,3,0,2,0,1,0
1683,3,3,4,2,0,2,0,1,0
1684,3,4,3,4,0,2,0,1,0
1685,3,4,4,3,0,2,0,1,0
1686,4,0,0,4,0,2,0,1,0
1687,4,0,1,3,0,2,0,1,0
1688,4,0,2,2,0,2,0,1,0
1689,4,0,3,1,0,2,0,1,0
1690,4,0,4,0,0,2,0,1,0
1691,4,1,1,4,0,2,0,1,0
1692,4,1,2,3,0,2,0,1,0
1693,4,1,3,2,0,2,0,1,0
1694,4,1,4,1,0,2,0,1,0
1695,4,2,2,4,0,2,0,1,0
1696,4,2,3,3,0,2,0,1,0
1697,4,2,4,2,0,2,0,1,0
1698,4,3,3,4,0,2,0,1,0
1699,4,3,4,3,0,2,0,1,0
1700,4,4,4,4,0,2,0,1,0
1701,0,0,0,0,0,2,0,2,1
1702,0,1,0,1,0,2,0,2,1
1703,0,1,1,0,0,2,0,2,0
1704,0,2,0,2,0,2,0,2,1
1705,0,2,1,1,0,2,0,2,0
1706,0,2,2,0,0,2,0,2,0
1707,0,3,0,3,0,2,0,2,0
1708,0,3,1,2,0,2,0,2,0
1709,0,3,2,1,0,2,0,2,0
1710,0,3,3,0,0,2,0,2,0
1711,0,4,0,4,0,2,0,2,0
1712,0,4,1,3,0,2,0,2,0
1713,0,4,2,2,0,2,0,2,0
1714,0,4,3,1,0,2,0,2,0
1715,0,4,4,0,0,2,0,2,0
1716,1,0,0,1,0,2,0,2,1
1717,1,0,1,0,0,2,0,2,0
1718,1,1,0,2,0,2,0,2,1
1719,1,1,1,1,0,2,0,2,0
1720,1,1,2,0,0,2,0,2,0
1721,1,2,0,3,0,2,0,2,1
1722,1,2,1,2,0,2,0,2,0
1723,1,2,2,1,0,2,0,2,0
1724,1,2,3,0,0,2,0,2,0
1725,1,3,0,4,0,2,0,2,0
1726,1,3,1,3,0,2,0,2,0
1727,1,3,2,2,0,2,0,2,0
1728,1,3,3,1,0,2,0,2,0
1729,1,3,4,0,0,2,0,2,0
1730,1,4,1,4,0,2,0,2,0
1731,1,4,2,3,0,2,0,2,0
1732,1,4,3,2,0,2,0,2,0
1733,1,4,4,1,0,2,0,2,0
1734,2,0,0,2,0,2,0,2,1
1735,2,0,1,1,0,2,0,2,0
1736,2,0,2,0,0,2,0,2,0
1737,2,1,0,3,0,2,0,2,1
1738,2,1,1,2,0,2,0,2,0
1739,2,1,2,1,0,2,0,2,0
1740,2,1,3,0,0,2,0,2,0
1741,2,2,0,4,0,2,0,2,1
1742,2,2,1,3,0,2,0,2,0
1743,2,2,2,2,0,2,0,2,0
1744,2,2,3,1,0,2,0,2,0
1745,2,2,4,0,0,2,0,2,0
1746,2,3,1,4,0,2,0,2,0
1747,2,3,2,3,0,2,0,2,0
1748,2,3,3,2,0,2,0,2,0
1749,2,3,4,1,0,2,0,2,0
1750,2,4,2,4,0,2,0,2,0
1751,2,4,3,3,0,2,0,2,0
1752,2,4,4,2,0,2,0,2,0
1753,3,0,0,3,0,2,0,2,0
1754,3,0,1,2,0,2,0,2,0
1755,3,0,2,1,0,2,0,2,0
1756,3,0,3,0,0,2,0,2,0
1757,3,1,0,4,0,2,0,2,0
1758,3,1,1,3,0,2,0,2,0
1759,3,1,2,2,0,2,0,2,0
1760,3,1,3,1,0,2,0,2,0
1761,3,1,4,0,0,2,0,2,0
1762,3,2,1,4,0,2,0,2,0
1763,3,2,2,3,0,2,0,2,0
1764,3,2,3,2,0,2,0,2,0
1765,3,2,4,1,0,2,0,2,0
1766,3,3,2,4,0,2,0,2,0
1767,3,3,3,3,0,2,0,2,0
1768,3,3,4,2,0,2,0,2,0
1769,3,4,3,4,0,2,0,2,0
1770,3,4,4,3,0,2,0,2,0
1771,4,0,0,4,0,2,0,2,0
1772,4,0,1,3,0,2,0,2,0
1773,4,0,2,2,0,2,0,2,0
1774,4,0,3,1,0,2,0,2,0
1775,4,0,4,0,0,2,0,2,0
1776,4,1,1,4,0,2,0,2,0
1777,4,1,2,3,0,2,0,2,0
1778,4,1,3,2,0,2,0,2,0
1779,4,1,4,1,0,2,0,2,0
1780,4,2,2,4,0,2,0,2,0
1781,4,2,3,3,0,2,0,2,0
1782,4,2,4,2,0,2,0,2,0
1783,4,3,3,4,0,2,0,2,0
1784,4,3,4,3,0,2,0,2,0
1785,4,4,4,4,0,2,0,2,0
1786,0,0,0,0,0,2,1,0,1
1787,0,1,0,1,0,2,1,0,0
1788,0,1,1,0,0,2,1,0,1
1789,0,2,0,2,0,2,1,0,0
1790,0,2,1,1,0,2,1,0,0
1791,0,2,2,0,0,2,1,0,0
1792,0,3,0,3,0,2,1,0,0
1793,0,3,1,2,0,2,1,0,0
1794,0,3,2,1,0,2,1,0,0
1795,0,3,3,0,0,2,1,0,0
1796,0,4,0,4,0,2,1,0,0
1797,0,4,1,3,0,2,1,0,0
1798,0,4,2,2,0,2,1,0,0
1799,0,4,3,1,0,2,1,0,0
1800,0,4,4,0,0,2,1,0,0
1801,1,0,0,1,0,2,1,0,1
1802,1,0,1,0,0,2,1,0,0
1803,1,1,0,2,0,2,1,0,0
1804,1,1,1,1,0,2,1,0,1
1805,1,1,2,0,0,2,1,0,0
1806,1,2,0,3,0,2,1,0,0
1807,1,2,1,2,0,2,1,0,0
1808,1,2,2,1,0,2,1,0,0
1809,1,2,3,0,0,2,1,0,0
1810,1,3,0,4,0,2,1,0,0
1811,1,3,1,3,0,2,1,0,0
1812,1,3,2,2,0,2,1,0,0
1813,1,3,3,1,0,2,1,0,0
1814,1,3,4,0,0,2,1,0,0
1815,1,4,1,4,0,2,1,0,0
1816,1,4,2,3,0,2,1,0,0
1817,1,4,3,2,0,2,1,0,0
1818,1,4,4,1,0,2,1,0,0
1819,2,0,0,2,0,2,1,0,1
1820,2,0,1,1,0,2,1,0,0
1821,2,0,2,0,0,2,1,0,0
1822,2,1,0,3,0,2,1,0,0
1823,2,1,1,2,0,2,1,0,1
1824,2,1,2,1,0,2,1,0,0
1825,2,1,3,0,0,2,1,0,0
1826,2,2,0,4,0,2,1,0,0
1827,2,2,1,3,0,2,1,0,0
1828,2,2,2,2,0,2,1,0,0
1829,2,2,3,1,0,2,1,0,0
1830,2,2,4,0,0,2,1,0,0
1831,2,3,1,4,0,2,1,0,0
1832,2,3,2,3,0,2,1,0,0
1833,2,3,3,2,0,2,1,0,0
1834,2,3,4,1,0,2,1,0,0
1835,2,4,2,4,0,2,1,0,0
1836,2,4,3,3,0,2,1,0,0
1837,2,4,4,2,0,2,1,0,0
1838,3,0,0,3,0,2,1,0,0
1839,3,0,1,2,0,2,1,0,0
1840,3,0,2,1,0,2,1,0,0
1841,3,0,3,0,0,2,1,0,0
1842,3,1,0,4,0,2,1,0,0
1843,3,1,1,3,0,2,1,0,0
1844,3,1,2,2,0,2,1,0,0
1845,3,1,3,1,0,2,1,0,0
1846,3,1,4,0,0,2,1,0,0
1847,3,2,1,4,0,2,1,0,0
1848,3,2,2,3,0,2,1,0,0
1849,3,2,3,2,0,2,1,0,0
1850,3,2,4,1,0,2,1,0,0
1851,3,3,2,4,0,2,1,0,0
1852,3,3,3,3,0,2,1,0,0
1853,3,3,4,2,0,2,1,0,0
1854,3,4,3,4,0,2,1,0,0
1855,3,4,4,3,0,2,1,0,0
1856,4,0,0,4,0,2,1,0,0
1857,4,0,1,3,0,2,1,0,0
1858,4,0,2,2,0,2,1,0,0
1859,4,0,3,1,0,2,1,0,0
1860,4,0,4,0,0,2,1,0,0
1861,4,1,1,4,0,2,1,0,0
1862,4,1,2,3,0,2,1,0,0
1863,4,1,3,2,0,2,1,0,0
1864,4,1,4,1,0,2,1,0,0
1865,4,2,2,4,0,2,1,0,0
1866,4,2,3,3,0,2,1,0,0
1867,4,2,4,2,0,2,1,0,0
1868,4,3,3,4,0,2,1,0,0
1869,4,3,4,3,0,2,1,0,0
1870,4,4,4,4,0,2,1,0,0
1871,0,0,0,0,0,2,1,1,1
1872,0,1,0,1,0,2,1,1,1
1873,0,1,1,0,0,2,1,1,1
1874,0,2,0,2,0,2,1,1,0
1875,0,2,1,1,0,2,1,1,1
1876,0,2,2,0,0,2,1,1,0
1877,0,3,0,3,0,2,1,1,0
1878,0,3,1,2,0,2,1,1,0
1879,0,3,2,1,0,2,1,1,0
1880,0,3,3,0,0,2,1,1,0
1881,0,4,0,4,0,2,1,1,0
1882,0,4,1,3,0,2,1,1,0
1883,0,4,2,2,0,2,1,1,0
1884,0,4,3,1,0,2,1,1,0
1885,0,4,4,0,0,2,1,1,0
1886,1,0,0,1,0,2,1,1,1
1887,1,0,1,0,0,2,1,1,0
1888,1,1,0,2,0,2,1,1,1
1889,1,1,1,1,0,2,1,1,1
1890,1,1,2,0,0,2,1,1,0
1891,1,2,0,3,0,2,1,1,0
1892,1,2,1,2,0,2,1,1,1
1893,1,2,2,1,0,2,1,1,0
1894,1,2,3,0,0,2,1,1,0
1895,1,3,0,4,0,2,1,1,0
1896,1,3,1,3,0,2,1,1,0
1897,1,3,2,2,0,2,1,1,0
1898,1,3,3,1,0,2,1,1,0
1899,1,3,4,0,0,2,1,1,0
1900,1,4,1,4,0,2,1,1,0
1901,1,4,2,3,0,2,1,1,0
1902,1,4,3,2,0,2,1,1,0
1903,1,4,4,1,0,2,1,1,0
1904,2,0,0,2,0,2,1,1,1
1905,2,0,1,1,0,2,1,1,0
1906,2,0,2,0,0,2,1,1,0
1907,2,1,0,3,0,2,1,1,1
1908,2,1,1,2,0,2,1,1,1
1909,2,1,2,1,0,2,1,1,0
1910,2,1,3,0,0,2,1,1,0
1911,2,2,0,4,0,2,1,1,0
1912,2,2,1,3,0,2,1,1,1
1913,2,2,2,2,0,2,1,1,0
1914,2,2,3,1,0,2,1,1,0
1915,2,2,4,0,0,2,1,1,0
1916,2,3,1,4,0,2,1,1,0
1917,2,3,2,3,0,2,1,1,0
1918,2,3,3,2,0,2,1,1,0
1919,2,3,4,1,0,2,1,1,0
1920,2,4,2,4,0,2,1,1,0
1921,2,4,3,3,0,2,1,1,0
1922,2,4,4,2,0,2,1,1,0
1923,3,0,0,3,0,2,1,1,0
1924,3,0,1,2,0,2,1,1,0
1925,3,0,2,1,0,2,1,1,0
1926,3,0,3,0,0,2,1,1,0
1927,3,1,0,4,0,2,1,1,0
1928,3,1,1,3,0,2,1,1,0
1929,3,1,2,2,0,2,1,1,0
1930,3,1,3,1,0,2,1,1,0
1931,3,1,4,0,0,2,1,1,0
1932,3,2,1,4,0,2,1,1,0
1933,3,2,2,3,0,2,1,1,0
1934,3,2,3,2,0,2,1,1,0
1935,3,2,4,1,0,2,1,1,0
1936,3,3,2,4,0,2,1,1,0
1937,3,3,3,3,0,2,1,1,0
1938,3,3,4,2,0,2,1,1,0
1939,3,4,3,4,0,2,1,1,0
1940,3,4,4,3,0,2,1,1,0
1941,4,0,0,4,0,2,1,1,0
1942,4,0,1,3,0,2,1,1,0
1943,4,0,2,2,0,2,1,1,0
1944,4,0,3,1,0,2,1,1,0
1945,4,0,4,0,0,2,1,1,0
1946,4,1,1,4,0,2,1,1,0
1947,4,1,2,3,0,2,1,1,0
1948,4,1,3,2,0,2,1,1,0
1949,4,1,4,1,0,2,1,1,0
1950,4,2,2,4,0,2,1,1,0
1951,4,2,3,3,0,2,1,1,0
1952,4,2,4,2,0,2,1,1,0
1953,4,3,3,4,0,2,1,1,0
1954,4,3,4,3,0,2,1,1,0
1955,4,4,4,4,0,2,1,1,0
1956,0,0,0,0,0,2,1,2,1
1957,0,1,0,1,0,2,1,2,1
1958,0,1,1,0,0,2,1,2,1
1959,0,2,0,2,0,2,1,2,1
1960,0,2,1,1,0,2,1,2,1
1961,0,2,2,0,0,2,1,2,0
1962,0,3,0,3,0,2,1,2,0
1963,0,3,1,2,0,2,1,2,1
1964,0,3,2,1,0,2,1,2,0
1965,0,3,3,0,0,2,1,2,0
1966,0,4,0,4,0,2,1,2,0
1967,0,4,1,3,0,2,1,2,0
1968,0,4,2,2,0,2,1,2,0
1969,0,4,3,1,0,2,1,2,0
1970,0,4,4,0,0,2,1,2,0
1971,1,0,0,1,0,2,1,2,1
1972,1,0,1,0,0,2,1,2,0
1973,1,1,0,2,0,2,1,2,1
1974,1,1,1,1,0,2,1,2,1
1975,1,1,2,0,0,2,1,2,0
1976,1,2,0,3,0,2,1,2,1
1977,1,2,1,2,0,2,1,2,1
1978,1,2,2,1,0,2,1,2,0
1979,1,2,3,0,0,2,1,2,0
1980,1,3,0,4,0,2,1,2,0
1981,1,3,1,3,0,2,1,2,1
1982,1,3,2,2,0,2,1,2,0
1983,1,3,3,1,0,2,1,2,0
1984,1,3,4,0,0,2,1,2,0
1985,1,4,1,4,0,2,1,2,0
1986,1,4,2,3,0,2,1,2,0
1987,1,4,3,2,0,2,1,2,0
1988,1,4,4,1,0,2,1,2,0
1989,2,0,0,2,0,2,1,2,1
1990,2,0,1,1,0,2,1,2,0
1991,2,0,2,0,0,2,1,2,0
1992,2,1,0,3,0,2,1,2,1
1993,2,1,1,2,0,2,1,2,1
1994,2,1,2,1,0,2,1,2,0
1995,2,1,3,0,0,2,1,2,0
1996,2,2,0,4,0,2,1,2,1
1997,2,2,1,3,0,2,1,2,1
1998,2,2,2,2,0,2,1,2,0
1999,2,2,3,1,0,2,1,2,0
2000,2,2,4,0,0,2,1,2,0
2001,2,3,1,4,0,2,1,2,1
2002,2,3,2,3,0,2,1,2,0
2003,2,3,3,2,0,2,1,2,0
2004,2,3,4,1,0,2,1,2,0
2005,2,4,2,4,0,2,1,2,0
2006,2,4,3,3,0,2,1,2,0
2007,2,4,4,2,0,2,1,2,0
2008,3,0,0,3,0,2,1,2,0
2009,3,0,1,2,0,2,1,2,0
2010,3,0,2,1,0,2,1,2,0
2011,3,0,3,0,0,2,1,2,0
2012,3,1,0,4,0,2,1,2,0
2013,3,1,1,3,0,2,1,2,0
2014,3,1,2,2,0,2,1,2,0
2015,3,1,3,1,0,2,1,2,0
2016,3,1,4,0,0,2,1,2,0
2017,3,2,1,4,0,2,1,2,0
2018,3,2,2,3,0,2,1,2,0
2019,3,2,3,2,0,2,1,2,0
2020,3,2,4,1,0,2,1,2,0
2021,3,3,2,4,0,2,1,2,0
2022,3,3,3,3,0,2,1,2,0
2023,3,3,4,2,0,2,1,2,0
2024,3,4,3,4,0,2,1,2,0
2025,3,4,4,3,0,2,1,2,0
2026,4,0,0,4,0,2,1,2,0
2027,4,0,1,3,0,2,1,2,0
2028,4,0,2,2,0,2,1,2,0
2029,4,0,3,1,0,2,1,2,0
2030,4,0,4,0,0,2,1,2,0
2031,4,1,1,4,0,2,1,2,0
2032,4,1,2,3,0,2,1,2,0
2033,4,1,3,2,0,2,1,2,0
2034,4,1,4,1,0,2,1,2,0
2035,4,2,2,4,0,2,1,2,0
2036,4,2,3,3,0,2,1,2,0
2037,4,2,4,2,0,2,1,2,0
2038,4,3,3,4,0,2,1,2,0
2039,4,3,4,3,0,2,1,2,0
2040,4,4,4,4,0,2,1,2,0
2041,0,0,0,0,0,2,2,0,1
2042,0,1,0,1,0,2,2,0,0
2043,0,1,1,0,0,2,2,0,1
2044,0,2,0,2,0,2,2,0,0
2045,0,2,1,1,0,2,2,0,0
2046,0,2,2,0,0,2,2,0,1
2047,0,3,0,3,0,2,2,0,0
2048,0,3,1,2,0,2,2,0,0
2049,0,3,2,1,0,2,2,0,0
2050,0,3,3,0,0,2,2,0,0
2051,0,4,0,4,0,2,2,0,0
2052,0,4,1,3,0,2,2,0,0
2053,0,4,2,2,0,2,2,0,0
2054,0,4,3,1,0,2,2,0,0
2055,0,4,4,0,0,2,2,0,0
2056,1,0,0,1,0,2,2,0,1
2057,1,0,1,0,0,2,2,0,0
2058,1,1,0,2,0,2,2,0,0
2059,1,1,1,1,0,2,2,0,1
2060,1,1,2,0,0,2,2,0,0
2061,1,2,0,3,0,2,2,0,0
2062,1,2,1,2,0,2,2,0,0
2063,1,2,2,1,0,2,2,0,1
2064,1,2,3,0,0,2,2,0,0
2065,1,3,0,4,0,2,2,0,0
2066,1,3,1,3,0,2,2,0,0
2067,1,3,2,2,0,2,2,0,0
2068,1,3,3,1,0,2,2,0,0
2069,1,3,4,0,0,2,2,0,0
2070,1,4,1,4,0,2,2,0,0
2071,1,4,2,3,0,2,2,0,0
2072,1,4,3,2,0,2,2,0,0
2073,1,4,4,1,0,2,2,0,0
2074,2,0,0,2,0,2,2,0,1
2075,2,0,1,1,0,2,2,0,0
2076,2,0,2,0,0,2,2,0,0
2077,2,1,0,3,0,2,2,0,0
2078,2,1,1,2,0,2,2,0,1
2079,2,1,2,1,0,2,2,0,0
2080,2,1,3,0,0,2,2,0,0
2081,2,2,0,4,0,2,2,0,0
2082,2,2,1,3,0,2,2,0,0
2083,2,2,2,2,0,2,2,0,1
2084,2,2,3,1,0,2,2,0,0
2085,2,2,4,0,0,2,2,0,0
2086,2,3,1,4,0,2,2,0,0
2087,2,3,2,3,0,2,2,0,0
2088,2,3,3,2,0,2,2,0,0
2089,2,3,4,1,0,2,2,0,0
2090,2,4,2,4,0,2,2,0,0
2091,2,4,3,3,0,2,2,0,0
2092,2,4,4,2,0,2,2,0,0
2093,3,0,0,3,0,2,2,0,0
2094,3,0,1,2,0,2,2,0,0
2095,3,0,2,1,0,2,2,0,0
2096,3,0,3,0,0,2,2,0,0
2097,3,1,0,4,0,2,2,0,0
2098,3,1,1,3,0,2,2,0,0
2099,3,1,2,2,0,2,2,0,0
2100,3,1,3,1,0,2,2,0,0
2101,3,1,4,0,0,2,2,0,0
2102,3,2,1,4,0,2,2,0,0
2103,3,2,2,3,0,2,2,0,0
2104,3,2,3,2,0,2,2,0,0
2105,3,2,4,1,0,2,2,0,0
2106,3,3,2,4,0,2,2,0,0
2107,3,3,3,3,0,2,2,0,0
2108,3,3,4,2,0,2,2,0,0
2109,3,4,3,4,0,2,2,0,0
2110,3,4,4,3,0,2,2,0,0
2111,4,0,0,4,0,2,2,0,0
2112,4,0,1,3,0,2,2,0,0
2113,4,0,2,2,0,2,2,0,0
2114,4,0,3,1,0,2,2,0,0
2115,4,0,4,0,0,2,2,0,0
2116,4,1,1,4,0,2,2,0,0
2117,4,1,2,3,0,2,2,0,0
2118,4,1,3,2,0,2,2,0,0
2119,4,1,4,1,0,2,2,0,0
2120,4,2,2,4,0,2,2,0,0
2121,4,2,3,3,0,2,2,0,0
2122,4,2,4,2,0,2,2,0,0
2123,4,3,3,4,0,2,2,0,0
2124,4,3,4,3,0,2,2,0,0
2125,4,4,4,4,0,2,2,0,0
2126,0,0,0,0,0,2,2,1,1
2127,0,1,0,1,0,2,2,1,1
2128,0,1,1,0,0,2,2,1,1
2129,0,2,0,2,0,2,2,1,0
2130,0,2,1,1,0,2,2,1,1
2131,0,2,2,0,0,2,2,1,1
2132,0,3,0,3,0,2,2,1,0
2133,0,3,1,2,0,2,2,1,0
2134,0,3,2,1,0,2,2,1,1
2135,0,3,3,0,0,2,2,1,0
2136,0,4,0,4,0,2,2,1,0
2137,0,4,1,3,0,2,2,1,0
2138,0,4,2,2,0,2,2,1,0
2139,0,4,3,1,0,2,2,1,0
2140,0,4,4,0,0,2,2,1,0
2141,1,0,0,1,0,2,2,1,1
2142,1,0,1,0,0,2,2,1,0
2143,1,1,0,2,0,2,2,1,1
2144,1,1,1,1,0,2,2,1,1
2145,1,1,2,0,0,2,2,1,0
2146,1,2,0,3,0,2,2,1,0
2147,1,2,1,2,0,2,2,1,1
2148,1,2,2,1,0,2,2,1,1
2149,1,2,3,0,0,2,2,1,0
2150,1,3,0,4,0,2,2,1,0
2151,1,3,1,3,0,2,2,1,0
2152,1,3,2,2,0,2,2,1,1
2153,1,3,3,1,0,2,2,1,0
2154,1,3,4,0,0,2,2,1,0
2155,1,4,1,4,0,2,2,1,0
2156,1,4,2,3,0,2,2,1,0
2157,1,4,3,2,0,2,2,1,0
2158,1,4,4,1,0,2,2,1,0
2159,2,0,0,2,0,2,2,1,1
2160,2,0,1,1,0,2,2,1,0
2161,2,0,2,0,0,2,2,1,0
2162,2,1,0,3,0,2,2,1,1
2163,2,1,1,2,0,2,2,1,1
2164,2,1,2,1,0,2,2,1,0
2165,2,1,3,0,0,2,2,1,0
2166,2,2,0,4,0,2,2,1,0
2167,2,2,1,3,0,2,2,1,1
2168,2,2,2,2,0,2,2,1,1
2169,2,2,3,1,0,2,2,1,0
2170,2,2,4,0,0,2,2,1,0
2171,2,3,1,4,0,2,2,1,0
2172,2,3,2,3,0,2,2,1,1
2173,2,3,3,2,0,2,2,1,0
2174,2,3,4,1,0,2,2,1,0
2175,2,4,2,4,0,2,2,1,0
2176,2,4,3,3,0,2,2,1,0
2177,2,4,4,2,0,2,2,1,0
2178,3,0,0,3,0,2,2,1,0
2179,3,0,1,2,0,2,2,1,0
2180,3,0,2,1,0,2,2,1,0
2181,3,0,3,0,0,2,2,1,0
2182,3,1,0,4,0,2,2,1,0
2183,3,1,1,3,0,2,2,1,0
2184,3,1,2,2,0,2,2,1,0
2185,3,1,3,1,0,2,2,1,0
2186,3,1,4,0,0,2,2,1,0
2187,3,2,1,4,0,2,2,1,0
2188,3,2,2,3,0,2,2,1,0
2189,3,2,3,2,0,2,2,1,0
2190,3,2,4,1,0,2,2,1,0
2191,3,3,2,4,0,2,2,1,0
2192,3,3,3,3,0,2,2,1,0
2193,3,3,4,2,0,2,2,1,0
2194,3,4,3,4,0,2,2,1,0
2195,3,4,4,3,0,2,2,1,0
2196,4,0,0,4,0,2,2,1,0
2197,4,0,1,3,0,2,2,1,0
2198,4,0,2,2,0,2,2,1,0
2199,4,0,3,1,0,2,2,1,0
2200,4,0,4,0,0,2,2,1,0
2201,4,1,1,4,0,2,2,1,0
2202,4,1,2,3,0,2,2,1,0
2203,4,1,3,2,0,2,2,1,0
2204,4,1,4,1,0,2,2,1,0
2205,4,2,2,4,0,2,2,1,0
2206,4,2,3,3,0,2,2,1,0
2207,4,2,4,2,0,2,2,1,0
2208,4,3,3,4,0,2,2,1,0
2209,4,3,4,3,0,2,2,1,0
2210,4,4,4,4,0,2,2,1,0
2211,0,0,0,0,0,2,2,2,1
2212,0,1,0,1,0,2,2,2,1
2213,0,1,1,0,0,2,2,2,1
2214,0,2,0,2,0,2,2,2,1
2215,0,2,1,1,0,2,2,2,1
2216,0,2,2,0,0,2,2,2,1
2217,0,3,0,3,0,2,2,2,0
2218,0,3,1,2,0,2,2,2,1
2219,0,3,2,1,0,2,2,2,1
2220,0,3,3,0,0,2,2,2,0
2221,0,4,0,4,0,2,2,2,0
2222,0,4,1,3,0,2,2,2,0
2223,0,4,2,2,0,2,2,2,1
2224,0,4,3,1,0,2,2,2,0
2225,0,4,4,0,0,2,2,2,0
2226,1,0,0,1,0,2,2,2,1
2227,1,0,1,0,0,2,2,2,0
2228,1,1,0,2,0,2,2,2,1
2229,1,1,1,1,0,2,2,2,1
2230,1,1,2,0,0,2,2,2,0
2231,1,2,0,3,0,2,2,2,1
2232,1,2,1,2,0,2,2,2,1
2233,1,2,2,1,0,2,2,2,1
2234,1,2,3,0,0,2,2,2,0
2235,1,3,0,4,0,2,2,2,0
2236,1,3,1,3,0,2,2,2,1
2237,1,3,2,2,0,2,2,2,1
2238,1,3,3,1,0,2,2,2,0
2239,1,3,4,0,0,2,2,2,0
2240,1,4,1,4,0,2,2,2,0
2241,1,4,2,3,0,2,2,2,1
2242,1,4,3,2,0,2,2,2,0
2243,1,4,4,1,0,2,2,2,0
2244,2,0,0,2,0,2,2,2,1
2245,2,0,1,1,0,2,2,2,0
2246,2,0,2,0,0,2,2,2,0
2247,2,1,0,3,0,2,2,2,1
2248,2,1,1,2,0,2,2,2,1
2249,2,1,2,1,0,2,2,2,0
2250,2,1,3,0,0,2,2,2,0
2251,2,2,0,4,0,2,2,2,1
2252,2,2,1,3,0,2,2,2,1
2253,2,2,2,2,0,2,2,2,1
2254,2,2,3,1,0,2,2,2,0
2255,2,2,4,0,0,2,2,2,0
2256,2,3,1,4,0,2,2,2,1
2257,2,3,2,3,0,2,2,2,1
2258,2,3,3,2,0,2,2,2,0
2259,2,3,4,1,0,2,2,2,0
2260,2,4,2,4,0,2,2,2,1
2261,2,4,3,3,0,2,2,2,0
2262,2,4,4,2,0,2,2,2,0
2263,3,0,0,3,0,2,2,2,0
2264,3,0,1,2,0,2,2,2,0
2265,3,0,2,1,0,2,2,2,0
2266,3,0,3,0,0,2,2,2,0
2267,3,1,0,4,0,2,2,2,0
2268,3,1,1,3,0,2,2,2,0
2269,3,1,2,2,0,2,2,2,0
2270,3,1,3,1,0,2,2,2,0
2271,3,1,4,0,0,2,2,2,0
2272,3,2,1,4,0,2,2,2,0
2273,3,2,2,3,0,2,2,2,0
2274,3,2,3,2,0,2,2,2,0
2275,3,2,4,1,0,2,2,2,0
2276,3,3,2,4,0,2,2,2,0
2277,3,3,3,3,0,2,2,2,0
2278,3,3,4,2,0,2,2,2,0
2279,3,4,3,4,0,2,2,2,0
2280,3,4,4,3,0,2,2,2,0
2281,4,0,0,4,0,2,2,2,0
2282,4,0,1,3,0,2,2,2,0
2283,4,0,2,2,0,2,2,2,0
2284,4,0,3,1,0,2,2,2,0
2285,4,0,4,0,0,2,2,2,0
2286,4,1,1,4,0,2,2,2,0
2287,4,1,2,3,0,2,2,2,0
2288,4,1,3,2,0,2,2,2,0
2289,4,1,4,1,0,2,2,2,0
2290,4,2,2,4,0,2,2,2,0
2291,4,2,3,3,0,2,2,2,0
2292,4,2,4,2,0,2,2,2,0
2293,4,3,3,4,0,2,2,2,0
2294,4,3,4,3,0,2,2,2,0
2295,4,4,4,4,0,2,2,2,0
2296,0,0,0,0,1,0,0,0,1
2297,0,1,0,1,1,0,0,0,0
2298,0,1,1,0,1,0,0,0,0
2299,0,2,0,2,1,0,0,0,0
2300,0,2,1,1,1,0,0,0,0
2301,0,2,2,0,1,0,0,0,0
2302,0,3,0,3,1,0,0,0,0
2303,0,3,1,2,1,0,0,0,0
2304,0,3,2,1,1,0,0,0,0
2305,0,3,3,0,1,0,0,0,0
2306,0,4,0,4,1,0,0,0,0
2307,0,4,1,3,1,0,0,0,0
2308,0,4,2,2,1,0,0,0,0
2309,0,4,3,1,1,0,0,0,0
2310,0,4,4,0,1,0,0,0,0
2311,1,0,0,1,1,0,0,0,0
2312,1,0,1,0,1,0,0,0,1
2313,1,1,0,2,1,0,0,0,0
2314,1,1,1,1,1,0,0,0,0
2315,1,1,2,0,1,0,0,0,0
2316,1,2,0,3,1,0,0,0,0
2317,1,2,1,2,1,0,0,0,0
2318,1,2,2,1,1,0,0,0,0
2319,1,2,3,0,1,0,0,0,0
2320,1,3,0,4,1,0,0,0,0
2321,1,3,1,3,1,0,0,0,0
2322,1,3,2,2,1,0,0,0,0
2323,1,3,3,1,1,0,0,0,0
2324,1,3,4,0,1,0,0,0,0
2325,1,4,1,4,1,0,0,0,0
2326,1,4,2,3,1,0,0,0,0
2327,1,4,3,2,1,0,0,0,0
2328,1,4,4,1,1,0,0,0,0
2329,2,0,0,2,1,0,0,0,0
2330,2,0,1,1,1,0,0,0,0
2331,2,0,2,0,1,0,0,0,0
2332,2,1,0,3,1,0,0,0,0
2333,2,1,1,2,1,0,0,0,0
2334,2,1,2,1,1,0,0,0,0
2335,2,1,3,0,1,0,0,0,0
2336,2,2,0,4,1,0,0,0,0
2337,2,2,1,3,1,0,0,0,0
2338,2,2,2,2,1,0,0,0,0
2339,2,2,3,1,1,0,0,0,0
2340,2,2,4,0,1,0,0,0,0
2341,2,3,1,4,1,0,0,0,0
2342,2,3,2,3,1,0,0,0,0
2343,2,3,3,2,1,0,0,0,0
2344,2,3,4,1,1,0,0,0,0
2345,2,4,2,4,1,0,0,0,0
2346,2,4,3,3,1,0,0,0,0
2347,2,4,4,2,1,0,0,0,0
2348,3,0,0,3,1,0,0,0,0
2349,3,0,1,2,1,0,0,0,0
2350,3,0,2,1,1,0,0,0,0
2351,3,0,3,0,1,0,0,0,0
2352,3,1,0,4,1,0,0,0,0
2353,3,1,1,3,1,0,0,0,0
2354,3,1,2,2,1,0,0,0,0
2355,3,1,3,1,1,0,0,0,0
2356,3,1,4,0,1,0,0,0,0
2357,3,2,1,4,1,0,0,0,0
2358,3,2,2,3,1,0,0,0,0
2359,3,2,3,2,1,0,0,0,0
2360,3,2,4,1,1,0,0,0,0
2361,3,3,2,4,1,0,0,0,0
2362,3,3,3,3,1,0,0,0,0
2363,3,3,4,2,1,0,0,0,0
2364,3,4,3,4,1,0,0,0,0
2365,3,4,4,3,1,0,0,0,0
2366,4,0,0,4,1,0,0,0,0
2367,4,0,1,3,1,0,0,0,0
2368,4,0,2,2,1,0,0,0,0
2369,4,0,3,1,1,0,0,0,0
2370,4,0,4,0,1,0,0,0,0
2371,4,1,1,4,1,0,0,0,0
2372,4,1,2,3,1,0,0,0,0
2373,4,1,3,2,1,0,0,0,0
2374,4,1,4,1,1,0,0,0,0
2375,4,2,2,4,1,0,0,0,0
2376,4,2,3,3,1,0,0,0,0
2377,4,2,4,2,1,0,0,0,0
2378,4,3,3,4,1,0,0,0,0
2379,4,3,4,3,1,0,0,0,0
2380,4,4,4,4,1,0,0,0,0
2381,0,0,0,0,1,0,0,1,1
2382,0,1,0,1,1,0,0,1,1
2383,0,1,1,0,1,0,0,1,0
2384,0,2,0,2,1,0,0,1,0
2385,0,2,1,1,1,0,0,1,0
2386,0,2,2,0,1,0,0,1,0
2387,0,3,0,3,1,0,0,1,0
2388,0,3,1,2,1,0,0,1,0
2389,0,3,2,1,1,0,0,1,0
2390,0,3,3,0,1,0,0,1,0
2391,0,4,0,4,1,0,0,1,0
2392,0,4,1,3,1,0,0,1,0
2393,0,4,2,2,1,0,0,1,0
2394,0,4,3,1,1,0,0,1,0
2395,0,4,4,0,1,0,0,1,0
2396,1,0,0,1,1,0,0,1,0
2397,1,0,1,0,1,0,0,1,1
2398,1,1,0,2,1,0,0,1,0
2399,1,1,1,1,1,0,0,1,1
2400,1,1,2,0,1,0,0,1,0
2401,1,2,0,3,1,0,0,1,0
2402,1,2,1,2,1,0,0,1,0
2403,1,2,2,1,1,0,0,1,0
2404,1,2,3,0,1,0,0,1,0
2405,1,3,0,4,1,0,0,1,0
2406,1,3,1,3,1,0,0,1,0
2407,1,3,2,2,1,0,0,1,0
2408,1,3,3,1,1,0,0,1,0
2409,1,3,4,0,1,0,0,1,0
2410,1,4,1,4,1,0,0,1,0
2411,1,4,2,3,1,0,0,1,0
2412,1,4,3,2,1,0,0,1,0
2413,1,4,4,1,1,0,0,1,0
2414,2,0,0,2,1,0,0,1,0
2415,2,0,1,1,1,0,0,1,0
2416,2,0,2,0,1,0,0,1,0
2417,2,1,0,3,1,0,0,1,0
2418,2,1,1,2,1,0,0,1,0
2419,2,1,2,1,1,0,0,1,0
2420,2,1,3,0,1,0,0,1,0
2421,2,2,0,4,1,0,0,1,0
2422,2,2,1,3,1,0,0,1,0
2423,2,2,2,2,1,0,0,1,0
2424,2,2,3,1,1,0,0,1,0
2425,2,2,4,0,1,0,0,1,0
2426,2,3,1,4,1,0,0,1,0
2427,2,3,2,3,1,0,0,1,0
2428,2,3,3,2,1,0,0,1,0
2429,2,3,4,1,1,0,0,1,0
2430,2,4,2,4,1,0,0,1,0
2431,2,4,3,3,1,0,0,1,0
2432,2,4,4,2,1,0,0,1,0
2433,3,0,0,3,1,0,0,1,0
2434,3,0,1,2,1,0,0,1,0
2435,3,0,2,1,1,0,0,1,0
2436,3,0,3,0,1,0,0,1,0
2437,3,1,0,4,1,0,0,1,0
2438,3,1,1,3,1,0,0,1,0
2439,3,1,2,2,1,0,0,1,0
2440,3,1,3,1,1,0,0,1,0
2441,3,1,4,0,1,0,0,1,0
2442,3,2,1,4,1,0,0,1,0
2443,3,2,2,3,1,0,0,1,0
2444,3,2,3,2,1,0,0,1,0
2445,3,2,4,1,1,0,0,1,0
2446,3,3,2,4,1,0,0,1,0
2447,3,3,3,3,1,0,0,1,0
2448,3,3,4,2,1,0,0,1,0
2449,3,4,3,4,1,0,0,1,0
2450,3,4,4,3,1,0,0,1,0
2451,4,0,0,4,1,0,0,1,0
2452,4,0,1,3,1,0,0,1,0
2453,4,0,2,2,1,0,0,1,0
2454,4,0,3,1,1,0,0,1,0
2455,4,0,4,0,1,0,0,1,0
2456,4,1,1,4,1,0,0,1,0
2457,4,1,2,3,1,0,0,1,0
2458,4,1,3,2,1,0,0,1,0
2459,4,1,4,1,1,0,0,1,0
2460,4,2,2,4,1,0,0,1,0
2461,4,2,3,3,1,0,0,1,0
2462,4,2,4,2,1,0,0,1,0
2463,4,3,3,4,1,0,0,1,0
2464,4,3,4,3,1,0,0,1,0
2465,4,4,4,4,1,0,0,1,0
2466,0,0,0,0,1,0,0,2,1
2467,0,1,0,1,1,0,0,2,1
2468,0,1,1,0,1,0,0,2,0
2469,0,2,0,2,1,0,0,2,1
2470,0,2,1,1,1,0,0,2,0
2471,0,2,2,0,1,0,0,2,0
2472,0,3,0,3,1,0,0,2,0
2473,0,3,1,2,1,0,0,2,0
2474,0,3,2,1,1,0,0,2,0
2475,0,3,3,0,1,0,0,2,0
2476,0,4,0,4,1,0,0,2,0
2477,0,4,1,3,1,0,0,2,0
2478,0,4,2,2,1,0,0,2,0
2479,0,4,3,1,1,0,0,2,0
2480,0,4,4,0,1,0,0,2,0
2481,1,0,0,1,1,0,0,2,0
2482,1,0,1,0,1,0,0,2,1
2483,1,1,0,2,1,0,0,2,0
2484,1,1,1,1,1,0,0,2,1
2485,1,1,2,0,1,0,0,2,0
2486,1,2,0,3,1,0,0,2,0
2487,1,2,1,2,1,0,0,2,1
2488,1,2,2,1,1,0,0,2,0
2489,1,2,3,0,1,0,0,2,0
2490,1,3,0,4,1,0,0,2,0
2491,1,3,1,3,1,0,0,2,0
2492,1,3,2,2,1,0,0,2,0
2493,1,3,3,1,1,0,0,2,0
2494,1,3,4,0,1,0,0,2,0
2495,1,4,1,4,1,0,0,2,0
2496,1,4,2,3,1,0,0,2,0
2497,1,4,3,2,1,0,0,2,0
2498,1,4,4,1,1,0,0,2,0
2499,2,0,0,2,1,0,0,2,0
2500,2,0,1,1,1,0,0,2,0
2501,2,0,2,0,1,0,0,2,0
2502,2,1,0,3,1,0,0,2,0
2503,2,1,1,2,1,0,0,2,0
2504,2,1,2,1,1,0,0,2,0
2505,2,1,3,0,1,0,0,2,0
2506,2,2,0,4,1,0,0,2,0
2507,2,2,1,3,1,0,0,2,0
2508,2,2,2,2,1,0,0,2,0
2509,2,2,3,1,1,0,0,2,0
2510,2,2,4,0,1,0,0,2,0
2511,2,3,1,4,1,0,0,2,0
2512,2,3,2,3,1,0,0,2,0
2513,2,3,3,2,1,0,0,2,0
2514,2,3,4,1,1,0,0,2,0
2515,2,4,2,4,1,0,0,2,0
2516,2,4,3,3,1,0,0,2,0
2517,2,4,4,2,1,0,0,2,0
2518,3,0,0,3,1,0,0,2,0
2519,3,0,1,2,1,0,0,2,0
2520,3,0,2,1,1,0,0,2,0
2521,3,0,3,0,1,0,0,2,0
2522,3,1,0,4,1,0,0,2,0
2523,3,1,1,3,1,0,0,2,0
2524,3,1,2,2,1,0,0,2,0
2525,3,1,3,1,1,0,0,2,0
2526,3,1,4,0,1,0,0,2,0
2527,3,2,1,4,1,0,0,2,0
2528,3,2,2,3,1,0,0,2,0
2529,3,2,3,2,1,0,0,2,0
2530,3,2,4,1,1,0,0,2,0
2531,3,3,2,4,1,0,0,2,0
2532,3,3,3,3,1,0,0,2,0
2533,3,3,4,2,1,0,0,2,0
2534,3,4,3,4,1,0,0,2,0
2535,3,4,4,3,1,0,0,2,0
2536,4,0,0,4,1,0,0,2,0
2537,4,0,1,3,1,0,0,2,0
2538,4,0,2,2,1,0,0,2,0
2539,4,0,3,1,1,0,0,2,0
2540,4,0,4,0,1,0,0,2,0
2541,4,1,1,4,1,0,0,2,0
2542,4,1,2,3,1,0,0,2,0
2543,4,1,3,2,1,0,0,2,0
2544,4,1,4,1,1,0,0,2,0
2545,4,2,2,4,1,0,0,2,0
2546,4,2,3,3,1,0,0,2,0
2547,4,2,4,2,1,0,0,2,0
2548,4,3,3,4,1,0,0,2,0
2549,4,3,4,3,1,0,0,2,0
2550,4,4,4,4,1,0,0,2,0
2551,0,0,0,0,1,0,1,0,1
2552,0,1,0,1,1,0,1,0,0
2553,0,1,1,0,1,0,1,0,1
2554,0,2,0,2,1,0,1,0,0
2555,0,2,1,1,1,0,1,0,0
2556,0,2,2,0,1,0,1,0,0
2557,0,3,0,3,1,0,1,0,0
2558,0,3,1,2,1,0,1,0,0
2559,0,3,2,1,1,0,1,0,0
2560,0,3,3,0,1,0,1,0,0
2561,0,4,0,4,1,0,1,0,0
2562,0,4,1,3,1,0,1,0,0
2563,0,4,2,2,1,0,1,0,0
2564,0,4,3,1,1,0,1,0,0
2565,0,4,4,0,1,0,1,0,0
2566,1,0,0,1,1,0,1,0,0
2567,1,0,1,0,1,0,1,0,1
2568,1,1,0,2,1,0,1,0,0
2569,1,1,1,1,1,0,1,0,0
2570,1,1,2,0,1,0,1,0,1
2571,1,2,0,3,1,0,1,0,0
2572,1,2,1,2,1,0,1,0,0
2573,1,2,2,1,1,0,1,0,0
2574,1,2,3,0,1,0,1,0,0
2575,1,3,0,4,1,0,1,0,0
2576,1,3,1,3,1,0,1,0,0
2577,1,3,2,2,1,0,1,0,0
2578,1,3,3,1,1,0,1,0,0
2579,1,3,4,0,1,0,1,0,0
2580,1,4,1,4,1,0,1,0,0
2581,1,4,2,3,1,0,1,0,0
2582,1,4,3,2,1,0,1,0,0
2583,1,4,4,1,1,0,1,0,0
2584,2,0,0,2,1,0,1,0,0
2585,2,0,1,1,1,0,1,0,0
2586,2,0,2,0,1,0,1,0,0
2587,2,1,0,3,1,0,1,0,0
2588,2,1,1,2,1,0,1,0,0
2589,2,1,2,1,1,0,1,0,0
2590,2,1,3,0,1,0,1,0,0
2591,2,2,0,4,1,0,1,0,0
2592,2,2,1,3,1,0,1,0,0
2593,2,2,2,2,1,0,1,0,0
2594,2,2,3,1,1,0,1,0,0
2595,2,2,4,0,1,0,1,0,0
2596,2,3,1,4,1,0,1,0,0
2597,2,3,2,3,1,0,1,0,0
2598,2,3,3,2,1,0,1,0,0
2599,2,3,4,1,1,0,1,0,0
2600,2,4,2,4,1,0,1,0,0
2601,2,4,3,3,1,0,1,0,0
2602,2,4,4,2,1,0,1,0,0
2603,3,0,0,3,1,0,1,0,0
2604,3,0,1,2,1,0,1,0,0
2605,3,0,2,1,1,0,1,0,0
2606,3,0,3,0,1,0,1,0,0
2607,3,1,0,4,1,0,1,0,0
2608,3,1,1,3,1,0,1,0,0
2609,3,1,2,2,1,0,1,0,0
2610,3,1,3,1,1,0,1,0,0
2611,3,1,4,0,1,0,1,0,0
2612,3,2,1,4,1,0,1,0,0
2613,3,2,2,3,1,0,1,0,0
2614,3,2,3,2,1,0,1,0,0
2615,3,2,4,1,1,0,1,0,0
2616,3,3,2,4,1,0,1,0,0
2617,3,3,3,3,1,0,1,0,0
2618,3,3,4,2,1,0,1,0,0
2619,3,4,3,4,1,0,1,0,0
2620,3,4,4,3,1,0,1,0,0
2621,4,0,0,4,1,0,1,0,0
2622,4,0,1,3,1,0,1,0,0
2623,4,0,2,2,1,0,1,0,0
2624,4,0,3,1,1,0,1,0,0
2625,4,0,4,0,1,0,1,0,0
2626,4,1,1,4,1,0,1,0,0
2627,4,1,2,3,1,0,1,0,0
2628,4,1,3,2,1,0,1,0,0
2629,4,1,4,1,1,0,1,0,0
2630,4,2,2,4,1,0,1,0,0
2631,4,2,3,3,1,0,1,0,0
2632,4,2,4,2,1,0,1,0,0
2633,4,3,3,4,1,0,1,0,0
2634,4,3,4,3,1,0,1,0,0
2635,4,4,4,4,1,0,1,0,0
2636,0,0,0,0,1,0,1,1,1
2637,0,1,0,1,1,0,1,1,1
2638,0,1,1,0,1,0,1,1,1
2639,0,2,0,2,1,0,1,1,0
2640,0,2,1,1,1,0,1,1,1
2641,0,2,2,0,1,0,1,1,0
2642,0,3,0,3,1,0,1,1,0
2643,0,3,1,2,1,0,1,1,0
2644,0,3,2,1,1,0,1,1,0
2645,0,3,3,0,1,0,1,1,0
2646,0,4,0,4,1,0,1,1,0
2647,0,4,1,3,1,0,1,1,0
2648,0,4,2,2,1,0,1,1,0
2649,0,4,3,1,1,0,1,1,0
2650,0,4,4,0,1,0,1,1,0
2651,1,0,0,1,1,0,1,1,0
2652,1,0,1,0,1,0,1,1,1
2653,1,1,0,2,1,0,1,1,0
2654,1,1,1,1,1,0,1,1,1
2655,1,1,2,0,1,0,1,1,1
2656,1,2,0,3,1,0,1,1,0
2657,1,2,1,2,1,0,1,1,0
2658,1,2,2,1,1,0,1,1,1
2659,1,2,3,0,1,0,1,1,0
2660,1,3,0,4,1,0,1,1,0
2661,1,3,1,3,1,0,1,1,0
2662,1,3,2,2,1,0,1,1,0
2663,1,3,3,1,1,0,1,1,0
2664,1,3,4,0,1,0,1,1,0
2665,1,4,1,4,1,0,1,1,0
2666,1,4,2,3,1,0,1,1,0
2667,1,4,3,2,1,0,1,1,0
2668,1,4,4,1,1,0,1,1,0
2669,2,0,0,2,1,0,1,1,0
2670,2,0,1,1,1,0,1,1,0
2671,2,0,2,0,1,0,1,1,0
2672,2,1,0,3,1,0,1,1,0
2673,2,1,1,2,1,0,1,1,0
2674,2,1,2,1,1,0,1,1,0
2675,2,1,3,0,1,0,1,1,0
2676,2,2,0,4,1,0,1,1,0
2677,2,2,1,3,1,0,1,1,0
2678,2,2,2,2,1,0,1,1,0
2679,2,2,3,1,1,0,1,1,0
2680,2,2,4,0,1,0,1,1,0
2681,2,3,1,4,1,0,1,1,0
2682,2,3,2,3,1,0,1,1,0
2683,2,3,3,2,1,0,1,1,0
2684,2,3,4,1,1,0,1,1,0
2685,2,4,2,4,1,0,1,1,0
2686,2,4,3,3,1,0,1,1,0
2687,2,4,4,2,1,0,1,1,0
2688,3,0,0,3,1,0,1,1,0
2689,3,0,1,2,1,0,1,1,0
2690,3,0,2,1,1,0,1,1,0
2691,3,0,3,0,1,0,1,1,0
2692,3,1,0,4,1,0,1,1,0
2693,3,1,1,3,1,0,1,1,0
2694,3,1,2,2,1,0,1,1,0
2695,3,1,3,1,1,0,1,1,0
2696,3,1,4,0,1,0,1,1,0
2697,3,2,1,4,1,0,1,1,0
2698,3,2,2,3,1,0,1,1,0
2699,3,2,3,2,1,0,1,1,0
2700,3,2,4,1,1,0,1,1,0
2701,3,3,2,4,1,0,1,1,0
2702,3,3,3,3,1,0,1,1,0
2703,3,3,4,2,1,0,1,1,0
2704,3,4,3,4,1,0,1,1,0
2705,3,4,4,3,1,0,1,1,0
2706,4,0,0,4,1,0,1,1,0
2707,4,0,1,3,1,0,1,1,0
2708,4,0,2,2,1,0,1,1,0
2709,4,0,3,1,1,0,1,1,0
2710,4,0,4,0,1,0,1,1,0
2711,4,1,1,4,1,0,1,1,0
2712,4,1,2,3,1,0,1,1,0
2713,4,1,3,2,1,0,1,1,0
2714,4,1,4,1,1,0,1,1,0
2715,4,2,2,4,1,0,1,1,0
2716,4,2,3,3,1,0,1,1,0
2717,4,2,4,2,1,0,1,1,0
2718,4,3,3,4,1,0,1,1,0
2719,4,3,4,3,1,0,1,1,0
2720,4,4,4,4,1,0,1,1,0
2721,0,0,0,0,1,0,1,2,1
2722,0,1,0,1,1,0,1,2,1
2723,0,1,1,0,1,0,1,2,1
2724,0,2,0,2,1,0,1,2,1
2725,0,2,1,1,1,0,1,2,1
2726,0,2,2,0,1,0,1,2,0
2727,0,3,0,3,1,0,1,2,0
2728,0,3,1,2,1,0,1,2,1
2729,0,3,2,1,1,0,1,2,0
2730,0,3,3,0,1,0,1,2,0
2731,0,4,0,4,1,0,1,2,0
2732,0,4,1,3,1,0,1,2,0
2733,0,4,2,2,1,0,1,2,0
2734,0,4,3,1,1,0,1,2,0
2735,0,4,4,0,1,0,1,2,0
2736,1,0,0,1,1,0,1,2,0
2737,1,0,1,0,1,0,1,2,1
2738,1,1,0,2,1,0,1,2,0
2739,1,1,1,1,1,0,1,2,1
2740,1,1,2,0,1,0,1,2,1
2741,1,2,0,3,1,0,1,2,0
2742,1,2,1,2,1,0,1,2,1
2743,1,2,2,1,1,0,1,2,1
2744,1,2,3,0,1,0,1,2,0
2745,1,3,0,4,1,0,1,2,0
2746,1,3,1,3,1,0,1,2,0
2747,1,3,2,2,1,0,1,2,1
2748,1,3,3,1,1,0,1,2,0
2749,1,3,4,0,1,0,1,2,0
2750,1,4,1,4,1,0,1,2,0
2751,1,4,2,3,1,0,1,2,0
2752,1,4,3,2,1,0,1,2,0
2753,1,4,4,1,1,0,1,2,0
2754,2,0,0,2,1,0,1,2,0
2755,2,0,1,1,1,0,1,2,0
2756,2,0,2,0,1,0,1,2,0
2757,2,1,0,3,1,0,1,2,0
2758,2,1,1,2,1,0,1,2,0
2759,2,1,2,1,1,0,1,2,0
2760,2,1,3,0,1,0,1,2,0
2761,2,2,0,4,1,0,1,2,0
2762,2,2,1,3,1,0,1,2,0
2763,2,2,2,2,1,0,1,2,0
2764,2,2,3,1,1,0,1,2,0
2765,2,2,4,0,1,0,1,2,0
2766,2,3,1,4,1,0,1,2,0
2767,2,3,2,3,1,0,1,2,0
2768,2,3,3,2,1,0,1,2,0
2769,2,3,4,1,1,0,1,2,0
2770,2,4,2,4,1,0,1,2,0
2771,2,4,3,3,1,0,1,2,0
2772,2,4,4,2,1,0,1,2,0
2773,3,0,0,3,1,0,1,2,0
2774,3,0,1,2,1,0,1,2,0
2775,3,0,2,1,1,0,1,2,0
2776,3,0,3,0,1,0,1,2,0
2777,3,1,0,4,1,0,1,2,0
2778,3,1,1,3,1,0,1,2,0
2779,3,1,2,2,1,0,1,2,0
2780,3,1,3,1,1,0,1,2,0
2781,3,1,4,0,1,0,1,2,0
2782,3,2,1,4,1,0,1,2,0
2783,3,2,2,3,1,0,1,2,0
2784,3,2,3,2,1,0,1,2,0
2785,3,2,4,1,1,0,1,2,0
2786,3,3,2,4,1,0,1,2,0
2787,3,3,3,3,1,0,1,2,0
2788,3,3,4,2,1,0,1,2,0
2789,3,4,3,4,1,0,1,2,0
2790,3,4,4,3,1,0,1,2,0
2791,4,0,0,4,1,0,1,2,0
2792,4,0,1,3,1,0,1,2,0
2793,4,0,2,2,1,0,1,2,0
2794,4,0,3,1,1,0,1,2,0
2795,4,0,4,0,1,0,1,2,0
2796,4,1,1,4,1,0,1,2,0
2797,4,1,2,3,1,0,1,2,0
2798,4,1,3,2,1,0,1,2,0
2799,4,1,4,1,1,0,1,2,0
2800,4,2,2,4,1,0,1,2,0
2801,4,2,3,3,1,0,1,2,0
2802,4,2,4,2,1,0,1,2,0
2803,4,3,3,4,1,0,1,2,0
2804,4,3,4,3,1,0,1,2,0
2805,4,4,4,4,1,0,1,2,0
2806,0,0,0,0,1,0,2,0,1
2807,0,1,0,1,1,0,2,0,0
2808,0,1,1,0,1,0,2,0,1
2809,0,2,0,2,1,0,2,0,0
2810,0,2,1,1,1,0,2,0,0
2811,0,2,2,0,1,0,2,0,1
2812,0,3,0,3,1,0,2,0,0
2813,0,3,1,2,1,0,2,0,0
2814,0,3,2,1,1,0,2,0,0
2815,0,3,3,0,1,0,2,0,0
2816,0,4,0,4,1,0,2,0,0
2817,0,4,1,3,1,0,2,0,0
2818,0,4,2,2,1,0,2,0,0
2819,0,4,3,1,1,0,2,0,0
2820,0,4,4,0,1,0,2,0,0
2821,1,0,0,1,1,0,2,0,0
2822,1,0,1,0,1,0,2,0,1
2823,1,1,0,2,1,0,2,0,0
2824,1,1,1,1,1,0,2,0,0
2825,1,1,2,0,1,0,2,0,1
2826,1,2,0,3,1,0,2,0,0
2827,1,2,1,2,1,0,2,0,0
2828,1,2,2,1,1,0,2,0,0
2829,1,2,3,0,1,0,2,0,1
2830,1,3,0,4,1,0,2,0,0
2831,1,3,1,3,1,0,2,0,0
2832,1,3,2,2,1,0,2,0,0
2833,1,3,3,1,1,0,2,0,0
2834,1,3,4,0,1,0,2,0,0
2835,1,4,1,4,1,0,2,0,0
2836,1,4,2,3,1,0,2,0,0
2837,1,4,3,2,1,0,2,0,0
2838,1,4,4,1,1,0,2,0,0
2839,2,0,0,2,1,0,2,0,0
2840,2,0,1,1,1,0,2,0,0
2841,2,0,2,0,1,0,2,0,0
2842,2,1,0,3,1,0,2,0,0
2843,2,1,1,2,1,0,2,0,0
2844,2,1,2,1,1,0,2,0,0
2845,2,1,3,0,1,0,2,0,0
2846,2,2,0,4,1,0,2,0,0
2847,2,2,1,3,1,0,2,0,0
2848,2,2,2,2,1,0,2,0,0
2849,2,2,3,1,1,0,2,0,0
2850,2,2,4,0,1,0,2,0,0
2851,2,3,1,4,1,0,2,0,0
2852,2,3,2,3,1,0,2,0,0
2853,2,3,3,2,1,0,2,0,0
2854,2,3,4,1,1,0,2,0,0
2855,2,4,2,4,1,0,2,0,0
2856,2,4,3,3,1,0,2,0,0
2857,2,4,4,2,1,0,2,0,0
2858,3,0,0,3,1,0,2,0,0
2859,3,0,1,2,1,0,2,0,0
2860,3,0,2,1,1,0,2,0,0
2861,3,0,3,0,1,0,2,0,0
2862,3,1,0,4,1,0,2,0,0
2863,3,1,1,3,1,0,2,0,0
2864,3,1,2,2,1,0,2,0,0
2865,3,1,3,1,1,0,2,0,0
2866,3,1,4,0,1,0,2,0,0
2867,3,2,1,4,1,0,2,0,0
2868,3,2,2,3,1,0,2,0,0
2869,3,2,3,2,1,0,2,0,0
2870,3,2,4,1,1,0,2,0,0
2871,3,3,2,4,1,0,2,0,0
2872,3,3,3,3,1,0,2,0,0
2873,3,3,4,2,1,0,2,0,0
2874,3,4,3,4,1,0,2,0,0
2875,3,4,4,3,1,0,2,0,0
2876,4,0,0,4,1,0,2,0,0
2877,4,0,1,3,1,0,2,0,0
2878,4,0,2,2,1,0,2,0,0
2879,4,0,3,1,1,0,2,0,0
2880,4,0,4,0,1,0,2,0,0
2881,4,1,1,4,1,0,2,0,0
2882,4,1,2,3,1,0,2,0,0
2883,4,1,3,2,1,0,2,0,0
2884,4,1,4,1,1,0,2,0,0
2885,4,2,2,4,1,0,2,0,0
2886,4,2,3,3,1,0,2,0,0
2887,4,2,4,2,1,0,2,0,0
2888,4,3,3,4,1,0,2,0,0
2889,4,3,4,3,1,0,2,0,0
2890,4,4,4,4,1,0,2,0,0
2891,0,0,0,0,1,0,2,1,1
2892,0,1,0,1,1,0,2,1,1
2893,0,1,1,0,1,0,2,1,1
2894,0,2,0,2,1,0,2,1,0
2895,0,2,1,1,1,0,2,1,1
2896,0,2,2,0,1,0,2,1,1
2897,0,3,0,3,1,0,2,1,0
2898,0,3,1,2,1,0,2,1,0
2899,0,3,2,1,1,0,2,1,1
2900,0,3,3,0,1,0,2,1,0
2901,0,4,0,4,1,0,2,1,0
2902,0,4,1,3,1,0,2,1,0
2903,0,4,2,2,1,0,2,1,0
2904,0,4,3,1,1,0,2,1,0
2905,0,4,4,0,1,0,2,1,0
2906,1,0,0,1,1,0,2,1,0
2907,1,0,1,0,1,0,2,1,1
2908,1,1,0,2,1,0,2,1,0
2909,1,1,1,1,1,0,2,1,1
2910,1,1,2,0,1,0,2,1,1
2911,1,2,0,3,1,0,2,1,0
2912,1,2,1,2,1,0,2,1,0
2913,1,2,2,1,1,0,2,1,1
2914,1,2,3,0,1,0,2,1,1
2915,1,3,0,4,1,0,2,1,0
2916,1,3,1,3,1,0,2,1,0
2917,1,3,2,2,1,0,2,1,0
2918,1,3,3,1,1,0,2,1,1
2919,1,3,4,0,1,0,2,1,0
2920,1,4,1,4,1,0,2,1,0
2921,1,4,2,3,1,0,2,1,0
2922,1,4,3,2,1,0,2,1,0
2923,1,4,4,1,1,0,2,1,0
2924,2,0,0,2,1,0,2,1,0
2925,2,0,1,1,1,0,2,1,0
2926,2,0,2,0,1,0,2,1,0
2927,2,1,0,3,1,0,2,1,0
2928,2,1,1,2,1,0,2,1,0
2929,2,1,2,1,1,0,2,1,0
2930,2,1,3,0,1,0,2,1,0
2931,2,2,0,4,1,0,2,1,0
2932,2,2,1,3,1,0,2,1,0
2933,2,2,2,2,1,0,2,1,0
2934,2,2,3,1,1,0,2,1,0
2935,2,2,4,0,1,0,2,1,0
2936,2,3,1,4,1,0,2,1,0
2937,2,3,2,3,1,0,2,1,0
2938,2,3,3,2,1,0,2,1,0
2939,2,3,4,1,1,0,2,1,0
2940,2,4,2,4,1,0,2,1,0
2941,2,4,3,3,1,0,2,1,0
2942,2,4,4,2,1,0,2,1,0
2943,3,0,0,3,1,0,2,1,0
2944,3,0,1,2,1,0,2,1,0
2945,3,0,2,1,1,0,2,1,0
2946,3,0,3,0,1,0,2,1,0
2947,3,1,0,4,1,0,2,1,0
2948,3,1,1,3,1,0,2,1,0
2949,3,1,2,2,1,0,2,1,0
2950,3,1,3,1,1,0,2,1,0
2951,3,1,4,0,1,0,2,1,0
2952,3,2,1,4,1,0,2,1,0
2953,3,2,2,3,1,0,2,1,0
2954,3,2,3,2,1,0,2,1,0
2955,3,2,4,1,1,0,2,1,0
2956,3,3,2,4,1,0,2,1,0
2957,3,3,3,3,1,0,2,1,0
2958,3,3,4,2,1,0,2,1,0
2959,3,4,3,4,1,0,2,1,0
2960,3,4,4,3,1,0,2,1,0
2961,4,0,0,4,1,0,2,1,0
2962,4,0,1,3,1,0,2,1,0
2963,4,0,2,2,1,0,2,1,0
2964,4,0,3,1,1,0,2,1,0
2965,4,0,4,0,1,0,2,1,0
2966,4,1,1,4,1,0,2,1,0
2967,4,1,2,3,1,0,2,1,0
2968,4,1,3,2,1,0,2,1,0
2969,4,1,4,1,1,0,2,1,0
2970,4,2,2,4,1,0,2,1,0
2971,4,2,3,3,1,0,2,1,0
2972,4,2,4,2,1,0,2,1,0
2973,4,3,3,4,1,0,2,1,0
2974,4,3,4,3,1,0,2,1,0
2975,4,4,4,4,1,0,2,1,0
2976,0,0,0,0,1,0,2,2,1
2977,0,1,0,1,1,0,2,2,1
2978,0,1,1,0,1,0,2,2,1
2979,0,2,0,2,1,0,2,2,1
2980,0,2,1,1,1,0,2,2,1
2981,0,2,2,0,1,0,2,2,1
2982,0,3,0,3,1,0,2,2,0
2983,0,3,1,2,1,0,2,2,1
2984,0,3,2,1,1,0,2,2,1
2985,0,3,3,0,1,0,2,2,0
2986,0,4,0,4,1,0,2,2,0
2987,0,4,1,3,1,0,2,2,0
2988,0,4,2,2,1,0,2,2,1
2989,0,4,3,1,1,0,2,2,0
2990,0,4,4,0,1,0,2,2,0
2991,1,0,0,1,1,0,2,2,0
2992,1,0,1,0,1,0,2,2,1
2993,1,1,0,2,1,0,2,2,0
2994,1,1,1,1,1,0,2,2,1
2995,1,1,2,0,1,0,2,2,1
2996,1,2,0,3,1,0,2,2,0
2997,1,2,1,2,1,0,2,2,1
2998,1,2,2,1,1,0,2,2,1
2999,1,2,3,0,1,0,2,2,1
3000,1,3,0,4,1,0,2,2,0
3001,1,3,1,3,1,0,2,2,0
3002,1,3,2,2,1,0,2,2,1
3003,1,3,3,1,1,0,2,2,1
3004,1,3,4,0,1,0,2,2,0
3005,1,4,1,4,1,0,2,2,0
3006,1,4,2,3,1,0,2,2,0
3007,1,4,3,2,1,0,2,2,1
3008,1,4,4,1,1,0,2,2,0
3009,2,0,0,2,1,0,2,2,0
3010,2,0,1,1,1,0,2,2,0
3011,2,0,2,0,1,0,2,2,0
3012,2,1,0,3,1,0,2,2,0
3013,2,1,1,2,1,0,2,2,0
3014,2,1,2,1,1,0,2,2,0
3015,2,1,3,0,1,0,2,2,0
3016,2,2,0,4,1,0,2,2,0
3017,2,2,1,3,1,0,2,2,0
3018,2,2,2,2,1,0,2,2,0
3019,2,2,3,1,1,0,2,2,0
3020,2,2,4,0,1,0,2,2,0
3021,2,3,1,4,1,0,2,2,0
3022,2,3,2,3,1,0,2,2,0
3023,2,3,3,2,1,0,2,2,0
3024,2,3,4,1,1,0,2,2,0
3025,2,4,2,4,1,0,2,2,0
3026,2,4,3,3,1,0,2,2,0
3027,2,4,4,2,1,0,2,2,0
3028,3,0,0,3,1,0,2,2,0
3029,3,0,1,2,1,0,2,2,0
3030,3,0,2,1,1,0,2,2,0
3031,3,0,3,0,1,0,2,2,0
3032,3,1,0,4,1,0,2,2,0
3033,3,1,1,3,1,0,2,2,0
3034,3,1,2,2,1,0,2,2,0
3035,3,1,3,1,1,0,2,2,0
3036,3,1,4,0,1,0,2,2,0
3037,3,2,1,4,1,0,2,2,0
3038,3,2,2,3,1,0,2,2,0
3039,3,2,3,2,1,0,2,2,0
3040,3,2,4,1,1,0,2,2,0
3041,3,3,2,4,1,0,2,2,0
3042,3,3,3,3,1,0,2,2,0
3043,3,3,4,2,1,0,2,2,0
3044,3,4,3,4,1,0,2,2,0
3045,3,4,4,3,1,0,2,2,0
3046,4,0,0,4,1,0,2,2,0
3047,4,0,1,3,1,0,2,2,0
3048,4,0,2,2,1,0,2,2,0
3049,4,0,3,1,1,0,2,2,0
3050,4,0,4,0,1,0,2,2,0
3051,4,1,1,4,1,0,2,2,0
3052,4,1,2,3,1,0,2,2,0
3053,4,1,3,2,1,0,2,2,0
3054,4,1,4,1,1,0,2,2,0
3055,4,2,2,4,1,0,2,2,0
3056,4,2,3,3,1,0,2,2,0
3057,4,2,4,2,1,0,2,2,0
3058,4,3,3,4,1,0,2,2,0
3059,4,3,4,3,1,0,2,2,0
3060,4,4,4,4,1,0,2,2,0
3061,0,0,0,0,1,1,0,0,1
3062,0,1,0,1,1,1,0,0,0
3063,0,1,1,0,1,1,0,0,0
3064,0,2,0,2,1,1,0,0,0
3065,0,2,1,1,1,1,0,0,0
3066,0,2,2,0,1,1,0,0,0
3067,0,3,0,3,1,1,0,0,0
3068,0,3,1,2,1,1,0,0,0
3069,0,3,2,1,1,1,0,0,0
3070,0,3,3,0,1,1,0,0,0
3071,0,4,0,4,1,1,0,0,0
3072,0,4,1,3,1,1,0,0,0
3073,0,4,2,2,1,1,0,0,0
3074,0,4,3,1,1,1,0,0,0
3075,0,4,4,0,1,1,0,0,0
3076,1,0,0,1,1,1,0,0,1
3077,1,0,1,0,1,1,0,0,1
3078,1,1,0,2,1,1,0,0,0
3079,1,1,1,1,1,1,0,0,0
3080,1,1,2,0,1,1,0,0,0
3081,1,2,0,3,1,1,0,0,0
3082,1,2,1,2,1,1,0,0,0
3083,1,2,2,1,1,1,0,0,0
3084,1,2,3,0,1,1,0,0,0
3085,1,3,0,4,1,1,0,0,0
3086,1,3,1,3,1,1,0,0,0
3087,1,3,2,2,1,1,0,0,0
3088,1,3,3,1,1,1,0,0,0
3089,1,3,4,0,1,1,0,0,0
3090,1,4,1,4,1,1,0,0,0
3091,1,4,2,3,1,1,0,0,0
3092,1,4,3,2,1,1,0,0,0
3093,1,4,4,1,1,1,0,0,0
3094,2,0,0,2,1,1,0,0,0
3095,2,0,1,1,1,1,0,0,1
3096,2,0,2,0,1,1,0,0,0
3097,2,1,0,3,1,1,0,0,0
3098,2,1,1,2,1,1,0,0,0
3099,2,1,2,1,1,1,0,0,0
3100,2,1,3,0,1,1,0,0,0
3101,2,2,0,4,1,1,0,0,0
3102,2,2,1,3,1,1,0,0,0
3103,2,2,2,2,1,1,0,0,0
3104,2,2,3,1,1,1,0,0,0
3105,2,2,4,0,1,1,0,0,0
3106,2,3,1,4,1,1,0,0,0
3107,2,3,2,3,1,1,0,0,0
3108,2,3,3,2,1,1,0,0,0
3109,2,3,4,1,1,1,0,0,0
3110,2,4,2,4,1,1,0,0,0
3111,2,4,3,3,1,1,0,0,0
3112,2,4,4,2,1,1,0,0,0
3113,3,0,0,3,1,1,0,0,0
3114,3,0,1,2,1,1,0,0,0
3115,3,0,2,1,1,1,0,0,0
3116,3,0,3,0,1,1,0,0,0
3117,3,1,0,4,1,1,0,0,0
3118,3,1,1,3,1,1,0,0,0
3119,3,1,2,2,1,1,0,0,0
3120,3,1,3,1,1,1,0,0,0
3121,3,1,4,0,1,1,0,0,0
3122,3,2,1,4,1,1,0,0,0
3123,3,2,2,3,1,1,0,0,0
3124,3,2,3,2,1,1,0,0,0
3125,3,2,4,1,1,1,0,0,0
3126,3,3,2,4,1,1,0,0,0
3127,3,3,3,3,1,1,0,0,0
3128,3,3,4,2,1,1,0,0,0
3129,3,4,3,4,1,1,0,0,0
3130,3,4,4,3,1,1,0,0,0
3131,4,0,0,4,1,1,0,0,0
3132,4,0,1,3,1,1,0,0,0
3133,4,0,2,2,1,1,0,0,0
3134,4,0,3,1,1,1,0,0,0
3135,4,0,4,0,1,1,0,0,0
3136,4,1,1,4,1,1,0,0,0
3137,4,1,2,3,1,1,0,0,0
3138,4,1,3,2,1,1,0,0,0
3139,4,1,4,1,1,1,0,0,0
3140,4,2,2,4,1,1,0,0,0
3141,4,2,3,3,1,1,0,0,0
3142,4,2,4,2,1,1,0,0,0
3143,4,3,3,4,1,1,0,0,0
3144,4,3,4,3,1,1,0,0,0
3145,4,4,4,4,1,1,0,0,0
3146,0,0,0,0,1,1,0,1,1
3147,0,1,0,1,1,1,0,1,1
3148,0,1,1,0,1,1,0,1,0
3149,0,2,0,2,1,1,0,1,0
3150,0,2,1,1,1,1,0,1,0
3151,0,2,2,0,1,1,0,1,0
3152,0,3,0,3,1,1,0,1,0
3153,0,3,1,2,1,1,0,1,0
3154,0,3,2,1,1,1,0,1,0
3155,0,3,3,0,1,1,0,1,0
3156,0,4,0,4,1,1,0,1,0
3157,0,4,1,3,1,1,0,1,0
3158,0,4,2,2,1,1,0,1,0
3159,0,4,3,1,1,1,0,1,0
3160,0,4,4,0,1,1,0,1,0
3161,1,0,0,1,1,1,0,1,1
3162,1,0,1,0,1,1,0,1,1
3163,1,1,0,2,1,1,0,1,1
3164,1,1,1,1,1,1,0,1,1
3165,1,1,2,0,1,1,0,1,0
3166,1,2,0,3,1,1,0,1,0
3167,1,2,1,2,1,1,0,1,0
3168,1,2,2,1,1,1,0,1,0
3169,1,2,3,0,1,1,0,1,0
3170,1,3,0,4,1,1,0,1,0
3171,1,3,1,3,1,1,0,1,0
3172,1,3,2,2,1,1,0,1,0
3173,1,3,3,1,1,1,0,1,0
3174,1,3,4,0,1,1,0,1,0
3175,1,4,1,4,1,1,0,1,0
3176,1,4,2,3,1,1,0,1,0
3177,1,4,3,2,1,1,0,1,0
3178,1,4,4,1,1,1,0,1,0
3179,2,0,0,2,1,1,0,1,0
3180,2,0,1,1,1,1,0,1,1
3181,2,0,2,0,1,1,0,1,0
3182,2,1,0,3,1,1,0,1,0
3183,2,1,1,2,1,1,0,1,1
3184,2,1,2,1,1,1,0,1,0
3185,2,1,3,0,1,1,0,1,0
3186,2,2,0,4,1,1,0,1,0
3187,2,2,1,3,1,1,0,1,0
3188,2,2,2,2,1,1,0,1,0
3189,2,2,3,1,1,1,0,1,0
3190,2,2,4,0,1,1,0,1,0
3191,2,3,1,4,1,1,0,1,0
3192,2,3,2,3,1,1,0,1,0
3193,2,3,3,2,1,1,0,1,0
3194,2,3,4,1,1,1,0,1,0
3195,2,4,2,4,1,1,0,1,0
3196,2,4,3,3,1,1,0,1,0
3197,2,4,4,2,1,1,0,1,0
3198,3,0,0,3,1,1,0,1,0
3199,3,0,1,2,1,1,0,1,0
3200,3,0,2,1,1,1,0,1,0
3201,3,0,3,0,1,1,0,1,0
3202,3,1,0,4,1,1,0,1,0
3203,3,1,1,3,1,1,0,1,0
3204,3,1,2,2,1,1,0,1,0
3205,3,1,3,1,1,1,0,1,0
3206,3,1,4,0,1,1,0,1,0
3207,3,2,1,4,1,1,0,1,0
3208,3,2,2,3,1,1,0,1,0
3209,3,2,3,2,1,1,0,1,0
3210,3,2,4,1,1,1,0,1,0
3211,3,3,2,4,1,1,0,1,0
3212,3,3,3,3,1,1,0,1,0
3213,3,3,4,2,1,1,0,1,0
3214,3,4,3,4,1,1,0,1,0
3215,3,4,4,3,1,1,0,1,0
3216,4,0,0,4,1,1,0,1,0
3217,4,0,1,3,1,1,0,1,0
3218,4,0,2,2,1,1,0,1,0
3219,4,0,3,1,1,1,0,1,0
3220,4,0,4,0,1,1,0,1,0
3221,4,1,1,4,1,1,0,1,0
3222,4,1,2,3,1,1,0,1,0
3223,4,1,3,2,1,1,0,1,0
3224,4,1,4,1,1,1,0,1,0
3225,4,2,2,4,1,1,0,1,0
3226,4,2,3,3,1,1,0,1,0
3227,4,2,4,2,1,1,0,1,0
3228,4,3,3,4,1,1,0,1,0
3229,4,3,4,3,1,1,0,1,0
3230,4,4,4,4,1,1,0,1,0
3231,0,0,0,0,1,1,0,2,1
3232,0,1,0,1,1,1,0,2,1
3233,0,1,1,0,1,1,0,2,0
3234,0,2,0,2,1,1,0,2,1
3235,0,2,1,1,1,1,0,2,0
3236,0,2,2,0,1,1,0,2,0
3237,0,3,0,3,1,1,0,2,0
3238,0,3,1,2,1,1,0,2,0
3239,0,3,2,1,1,1,0,2,0
3240,0,3,3,0,1,1,0,2,0
3241,0,4,0,4,1,1,0,2,0
3242,0,4,1,3,1,1,0,2,0
3243,0,4,2,2,1,1,0,2,0
3244,0,4,3,1,1,1,0,2,0
3245,0,4,4,0,1,1,0,2,0
3246,1,0,0,1,1,1,0,2,1
3247,1,0,1,0,1,1,0,2,1
3248,1,1,0,2,1,1,0,2,1
3249,1,1,1,1,1,1,0,2,1
3250,1,1,2,0,1,1,0,2,0
3251,1,2,0,3,1,1,0,2,1
3252,1,2,1,2,1,1,0,2,1
3253,1,2,2,1,1,1,0,2,0
3254,1,2,3,0,1,1,0,2,0
3255,1,3,0,4,1,1,0,2,0
3256,1,3,1,3,1,1,0,2,0
3257,1,3,2,2,1,1,0,2,0
3258,1,3,3,1,1,1,0,2,0
3259,1,3,4,0,1,1,0,2,0
3260,1,4,1,4,1,1,0,2,0
3261,1,4,2,3,1,1,0,2,0
3262,1,4,3,2,1,1,0,2,0
3263,1,4,4,1,1,1,0,2,0
3264,2,0,0,2,1,1,0,2,0
3265,2,0,1,1,1,1,0,2,1
3266,2,0,2,0,1,1,0,2,0
3267,2,1,0,3,1,1,0,2,0
3268,2,1,1,2,1,1,0,2,1
3269,2,1,2,1,1,1,0,2,0
3270,2,1,3,0,1,1,0,2,0
3271,2,2,0,4,1,1,0,2,0
3272,2,2,1,3,1,1,0,2,1
3273,2,2,2,2,1,1,0,2,0
3274,2,2,3,1,1,1,0,2,0
3275,2,2,4,0,1,1,0,2,0
3276,2,3,1,4,1,1,0,2,0
3277,2,3,2,3,1,1,0,2,0
3278,2,3,3,2,1,1,0,2,0
3279,2,3,4,1,1,1,0,2,0
3280,2,4,2,4,1,1,0,2,0
3281,2,4,3,3,1,1,0,2,0
3282,2,4,4,2,1,1,0,2,0
3283,3,0,0,3,1,1,0,2,0
3284,3,0,1,2,1,1,0,2,0
3285,3,0,2,1,1,1,0,2,0
3286,3,0,3,0,1,1,0,2,0
3287,3,1,0,4,1,1,0,2,0
3288,3,1,1,3,1,1,0,2,0
3289,3,1,2,2,1,1,0,2,0
3290,3,1,3,1,1,1,0,2,0
3291,3,1,4,0,1,1,0,2,0
3292,3,2,1,4,1,1,0,2,0
3293,3,2,2,3,1,1,0,2,0
3294,3,2,3,2,1,1,0,2,0
3295,3,2,4,1,1,1,0,2,0
3296,3,3,2,4,1,1,0,2,0
3297,3,3,3,3,1,1,0,2,0
3298,3,3,4,2,1,1,0,2,0
3299,3,4,3,4,1,1,0,2,0
3300,3,4,4,3,1,1,0,2,0
3301,4,0,0,4,1,1,0,2,0
3302,4,0,1,3,1,1,0,2,0
3303,4,0,2,2,1,1,0,2,0
3304,4,0,3,1,1,1,0,2,0
3305,4,0,4,0,1,1,0,2,0
3306,4,1,1,4,1,1,0,2,0
3307,4,1,2,3,1,1,0,2,0
3308,4,1,3,2,1,1,0,2,0
3309,4,1,4,1,1,1,0,2,0
3310,4,2,2,4,1,1,0,2,0
3311,4,2,3,3,1,1,0,2,0
3312,4,2,4,2,1,1,0,2,0
3313,4,3,3,4,1,1,0,2,0
3314,4,3,4,3,1,1,0,2,0
3315,4,4,4,4,1,1,0,2,0
3316,0,0,0,0,1,1,1,0,1
3317,0,1,0,1,1,1,1,0,0
3318,0,1,1,0,1,1,1,0,1
3319,0,2,0,2,1,1,1,0,0
3320,0,2,1,1,1,1,1,0,0
3321,0,2,2,0,1,1,1,0,0
3322,0,3,0,3,1,1,1,0,0
3323,0,3,1,2,1,1,1,0,0
3324,0,3,2,1,1,1,1,0,0
3325,0,3,3,0,1,1,1,0,0
3326,0,4,0,4,1,1,1,0,0
3327,0,4,1,3,1,1,1,0,0
3328,0,4,2,2,1,1,1,0,0
3329,0,4,3,1,1,1,1,0,0
3330,0,4,4,0,1,1,1,0,0
3331,1,0,0,1,1,1,1,0,1
3332,1,0,1,0,1,1,1,0,1
3333,1,1,0,2,1,1,1,0,0
3334,1,1,1,1,1,1,1,0,1
3335,1,1,2,0,1,1,1,0,1
3336,1,2,0,3,1,1,1,0,0
3337,1,2,1,2,1,1,1,0,0
3338,1,2,2,1,1,1,1,0,0
3339,1,2,3,0,1,1,1,0,0
3340,1,3,0,4,1,1,1,0,0
3341,1,3,1,3,1,1,1,0,0
3342,1,3,2,2,1,1,1,0,0
3343,1,3,3,1,1,1,1,0,0
3344,1,3,4,0,1,1,1,0,0
3345,1,4,1,4,1,1,1,0,0
3346,1,4,2,3,1,1,1,0,0
3347,1,4,3,2,1,1,1,0,0
3348,1,4,4,1,1,1,1,0,0
3349,2,0,0,2,1,1,1,0,0
3350,2,0,1,1,1,1,1,0,1
3351,2,0,2,0,1,1,1,0,0
3352,2,1,0,3,1,1,1,0,0
3353,2,1,1,2,1,1,1,0,0
3354,2,1,2,1,1,1,1,0,1
3355,2,1,3,0,1,1,1,0,0
3356,2,2,0,4,1,1,1,0,0
3357,2,2,1,3,1,1,1,0,0
3358,2,2,2,2,1,1,1,0,0
3359,2,2,3,1,1,1,1,0,0
3360,2,2,4,0,1,1,1,0,0
3361,2,3,1,4,1,1,1,0,0
3362,2,3,2,3,1,1,1,0,0
3363,2,3,3,2,1,1,1,0,0
3364,2,3,4,1,1,1,1,0,0
3365,2,4,2,4,1,1,1,0,0
3366,2,4,3,3,1,1,1,0,0
3367,2,4,4,2,1,1,1,0,0
3368,3,0,0,3,1,1,1,0,0
3369,3,0,1,2,1,1,1,0,0
3370,3,0,2,1,1,1,1,0,0
3371,3,0,3,0,1,1,1,0,0
3372,3,1,0,4,1,1,1,0,0
3373,3,1,1,3,1,1,1,0,0
3374,3,1,2,2,1,1,1,0,0
3375,3,1,3,1,1,1,1,0,0
3376,3,1,4,0,1,1,1,0,0
3377,3,2,1,4,1,1,1,0,0
3378,3,2,2,3,1,1,1,0,0
3379,3,2,3,2,1,1,1,0,0
3380,3,2,4,1,1,1,1,0,0
3381,3,3,2,4,1,1,1,0,0
3382,3,3,3,3,1,1,1,0,0
3383,3,3,4,2,1,1,1,0,0
3384,3,4,3,4,1,1,1,0,0
3385,3,4,4,3,1,1,1,0,0
3386,4,0,0,4,1,1,1,0,0
3387,4,0,1,3,1,1,1,0,0
3388,4,0,2,2,1,1,1,0,0
3389,4,0,3,1,1,1,1,0,0
3390,4,0,4,0,1,1,1,0,0
3391,4,1,1,4,1,1,1,0,0
3392,4,1,2,3,1,1,1,0,0
3393,4,1,3,2,1,1,1,0,0
3394,4,1,4,1,1,1,1,0,0
3395,4,2,2,4,1,1,1,0,0
3396,4,2,3,3,1,1,1,0,0
3397,4,2,4,2,1,1,1,0,0
3398,4,3,3,4,1,1,1,0,0
3399,4,3,4,3,1,1,1,0,0
3400,4,4,4,4,1,1,1,0,0
3401,0,0,0,0,1,1,1,1,1
3402,0,1,0,1,1,1,1,1,1
3403,0,1,1,0,1,1,1,1,1
3404,0,2,0,2,1,1,1,1,0
3405,0,2,1,1,1,1,1,1,1
3406,0,2,2,0,1,1,1,1,0
3407,0,3,0,3,1,1,1,1,0
3408,0,3,1,2,1,1,1,1,0
3409,0,3,2,1,1,1,1,1,0
3410,0,3,3,0,1,1,1,1,0
3411,0,4,0,4,1,1,1,1,0
3412,0,4,1,3,1,1,1,1,0
3413,0,4,2,2,1,1,1,1,0
3414,0,4,3,1,1,1,1,1,0
3415,0,4,4,0,1,1,1,1,0
3416,1,0,0,1,1,1,1,1,1
3417,1,0,1,0,1,1,1,1,1
3418,1,1,0,2,1,1,1,1,1
3419,1,1,1,1,1,1,1,1,2
3420,1,1,2,0,1,1,1,1,1
3421,1,2,0,3,1,1,1,1,0
3422,1,2,1,2,1,1,1,1,1
3423,1,2,2,1,1,1,1,1,1
3424,1,2,3,0,1,1,1,1,0
3425,1,3,0,4,1,1,1,1,0
3426,1,3,1,3,1,1,1,1,0
3427,1,3,2,2,1,1,1,1,0
3428,1,3,3,1,1,1,1,1,0
3429,1,3,4,0,1,1,1,1,0
3430,1,4,1,4,1,1,1,1,0
3431,1,4,2,3,1,1,1,1,0
3432,1,4,3,2,1,1,1,1,0
3433,1,4,4,1,1,1,1,1,0
3434,2,0,0,2,1,1,1,1,0
3435,2,0,1,1,1,1,1,1,1
3436,2,0,2,0,1,1,1,1,0
3437,2,1,0,3,1,1,1,1,0
3438,2,1,1,2,1,1,1,1,1
3439,2,1,2,1,1,1,1,1,1
3440,2,1,3,0,1,1,1,1,0
3441,2,2,0,4,1,1,1,1,0
3442,2,2,1,3,1,1,1,1,0
3443,2,2,2,2,1,1,1,1,1
3444,2,2,3,1,1,1,1,1,0
3445,2,2,4,0,1,1,1,1,0
3446,2,3,1,4,1,1,1,1,0
3447,2,3,2,3,1,1,1,1,0
3448,2,3,3,2,1,1,1,1,0
3449,2,3,4,1,1,1,1,1,0
3450,2,4,2,4,1,1,1,1,0
3451,2,4,3,3,1,1,1,1,0
3452,2,4,4,2,1,1,1,1,0
3453,3,0,0,3,1,1,1,1,0
3454,3,0,1,2,1,1,1,1,0
3455,3,0,2,1,1,1,1,1,0
3456,3,0,3,0,1,1,1,1,0
3457,3,1,0,4,1,1,1,1,0
3458,3,1,1,3,1,1,1,1,0
3459,3,1,2,2,1,1,1,1,0
3460,3,1,3,1,1,1,1,1,0
3461,3,1,4,0,1,1,1,1,0
3462,3,2,1,4,1,1,1,1,0
3463,3,2,2,3,1,1,1,1,0
3464,3,2,3,2,1,1,1,1,0
3465,3,2,4,1,1,1,1,1,0
3466,3,3,2,4,1,1,1,1,0
3467,3,3,3,3,1,1,1,1,0
3468,3,3,4,2,1,1,1,1,0
3469,3,4,3,4,1,1,1,1,0
3470,3,4,4,3,1,1,1,1,0
3471,4,0,0,4,1,1,1,1,0
3472,4,0,1,3,1,1,1,1,0
3473,4,0,2,2,1,1,1,1,0
3474,4,0,3,1,1,1,1,1,0
3475,4,0,4,0,1,1,1,1,0
3476,4,1,1,4,1,1,1,1,0
3477,4,1,2,3,1,1,1,1,0
3478,4,1,3,2,1,1,1,1,0
3479,4,1,4,1,1,1,1,1,0
3480,4,2,2,4,1,1,1,1,0
3481,4,2,3,3,1,1,1,1,0
3482,4,2,4,2,1,1,1,1,0
3483,4,3,3,4,1,1,1,1,0
3484,4,3,4,3,1,1,1,1,0
3485,4,4,4,4,1,1,1,1,0
3486,0,0,0,0,1,1,1,2,1
3487,0,1,0,1,1,1,1,2,1
3488,0,1,1,0,1,1,1,2,1
3489,0,2,0,2,1,1,1,2,1
3490,0,2,1,1,1,1,1,2,1
3491,0,2,2,0,1,1,1,2,0
3492,0,3,0,3,1,1,1,2,0
3493,0,3,1,2,1,1,1,2,1
3494,0,3,2,1,1,1,1,2,0
3495,0,3,3,0,1,1,1,2,0
3496,0,4,0,4,1,1,1,2,0
3497,0,4,1,3,1,1,1,2,0
3498,0,4,2,2,1,1,1,2,0
3499,0,4,3,1,1,1,1,2,0
3500,0,4,4,0,1,1,1,2,0
3501,1,0,0,1,1,1,1,2,1
3502,1,0,1,0,1,1,1,2,1
3503,1,1,0,2,1,1,1,2,1
3504,1,1,1,1,1,1,1,2,2
3505,1,1,2,0,1,1,1,2,1
3506,1,2,0,3,1,1,1,2,1
3507,1,2,1,2,1,1,1,2,2
3508,1,2,2,1,1,1,1,2,1
3509,1,2,3,0,1,1,1,2,0
3510,1,3,0,4,1,1,1,2,0
3511,1,3,1,3,1,1,1,2,1
3512,1,3,2,2,1,1,1,2,1
3513,1,3,3,1,1,1,1,2,0
3514,1,3,4,0,1,1,1,2,0
3515,1,4,1,4,1,1,1,2,0
3516,1,4,2,3,1,1,1,2,0
3517,1,4,3,2,1,1,1,2,0
3518,1,4,4,1,1,1,1,2,0
3519,2,0,0,2,1,1,1,2,0
3520,2,0,1,1,1,1,1,2,1
3521,2,0,2,0,1,1,1,2,0
3522,2,1,0,3,1,1,1,2,0
3523,2,1,1,2,1,1,1,2,1
3524,2,1,2,1,1,1,1,2,1
3525,2,1,3,0,1,1,1,2,0
3526,2,2,0,4,1,1,1,2,0
3527,2,2,1,3,1,1,1,2,1
3528,2,2,2,2,1,1,1,2,1
3529,2,2,3,1,1,1,1,2,0
3530,2,2,4,0,1,1,1,2,0
3531,2,3,1,4,1,1,1,2,0
3532,2,3,2,3,1,1,1,2,1
3533,2,3,3,2,1,1,1,2,0
3534,2,3,4,1,1,1,1,2,0
3535,2,4,2,4,1,1,1,2,0
3536,2,4,3,3,1,1,1,2,0
3537,2,4,4,2,1,1,1,2,0
3538,3,0,0,3,1,1,1,2,0
3539,3,0,1,2,1,1,1,2,0
3540,3,0,2,1,1,1,1,2,0
3541,3,0,3,0,1,1,1,2,0
3542,3,1,0,4,1,1,1,2,0
3543,3,1,1,3,1,1,1,2,0
3544,3,1,2,2,1,1,1,2,0
3545,3,1,3,1,1,1,1,2,0
3546,3,1,4,0,1,1,1,2,0
3547,3,2,1,4,1,1,1,2,0
3548,3,2,2,3,1,1,1,2,0
3549,3,2,3,2,1,1,1,2,0
3550,3,2,4,1,1,1,1,2,0
3551,3,3,2,4,1,1,1,2,0
3552,3,3,3,3,1,1,1,2,0
3553,3,3,4,2,1,1,1,2,0
3554,3,4,3,4,1,1,1,2,0
3555,3,4,4,3,1,1,1,2,0
3556,4,0,0,4,1,1,1,2,0
3557,4,0,1,3,1,1,1,2,0
3558,4,0,2,2,1,1,1,2,0
3559,4,0,3,1,1,1,1,2,0
3560,4,0,4,0,1,1,1,2,0
3561,4,1,1,4,1,1,1,2,0
3562,4,1,2,3,1,1,1,2,0
3563,4,1,3,2,1,1,1,2,0
3564,4,1,4,1,1,1,1,2,0
3565,4,2,2,4,1,1,1,2,0
3566,4,2,3,3,1,1,1,2,0
3567,4,2,4,2,1,1,1,2,0
3568,4,3,3,4,1,1,1,2,0
3569,4,3,4,3,1,1,1,2,0
3570,4,4,4,4,1,1,1,2,0
3571,0,0,0,0,1,1,2,0,1
3572,0,1,0,1,1,1,2,0,0
3573,0,1,1,0,1,1,2,0,1
3574,0,2,0,2,1,1,2,0,0
3575,0,2,1,1,1,1,2,0,0
3576,0,2,2,0,1,1,2,0,1
3577,0,3,0,3,1,1,2,0,0
3578,0,3,1,2,1,1,2,0,0
3579,0,3,2,1,1,1,2,0,0
3580,0,3,3,0,1,1,2,0,0
3581,0,4,0,4,1,1,2,0,0
3582,0,4,1,3,1,1,2,0,0
3583,0,4,2,2,1,1,2,0,0
3584,0,4,3,1,1,1,2,0,0
3585,0,4,4,0,1,1,2,0,0
3586,1,0,0,1,1,1,2,0,1
3587,1,0,1,0,1,1,2,0,1
3588,1,1,0,2,1,1,2,0,0
3589,1,1,1,1,1,1,2,0,1
3590,1,1,2,0,1,1,2,0,1
3591,1,2,0,3,1,1,2,0,0
3592,1,2,1,2,1,1,2,0,0
3593,1,2,2,1,1,1,2,0,1
3594,1,2,3,0,1,1,2,0,1
3595,1,3,0,4,1,1,2,0,0
3596,1,3,1,3,1,1,2,0,0
3597,1,3,2,2,1,1,2,0,0
3598,1,3,3,1,1,1,2,0,0
3599,1,3,4,0,1,1,2,0,0
3600,1,4,1,4,1,1,2,0,0
3601,1,4,2,3,1,1,2,0,0
3602,1,4,3,2,1,1,2,0,0
3603,1,4,4,1,1,1,2,0,0
3604,2,0,0,2,1,1,2,0,0
3605,2,0,1,1,1,1,2,0,1
3606,2,0,2,0,1,1,2,0,0
3607,2,1,0,3,1,1,2,0,0
3608,2,1,1,2,1,1,2,0,0
3609,2,1,2,1,1,1,2,0,1
3610,2,1,3,0,1,1,2,0,0
3611,2,2,0,4,1,1,2,0,0
3612,2,2,1,3,1,1,2,0,0
3613,2,2,2,2,1,1,2,0,0
3614,2,2,3,1,1,1,2,0,1
3615,2,2,4,0,1,1,2,0,0
3616,2,3,1,4,1,1,2,0,0
3617,2,3,2,3,1,1,2,0,0
3618,2,3,3,2,1,1,2,0,0
3619,2,3,4,1,1,1,2,0,0
3620,2,4,2,4,1,1,2,0,0
3621,2,4,3,3,1,1,2,0,0
3622,2,4,4,2,1,1,2,0,0
3623,3,0,0,3,1,1,2,0,0
3624,3,0,1,2,1,1,2,0,0
3625,3,0,2,1,1,1,2,0,0
3626,3,0,3,0,1,1,2,0,0
3627,3,1,0,4,1,1,2,0,0
3628,3,1,1,3,1,1,2,0,0
3629,3,1,2,2,1,1,2,0,0
3630,3,1,3,1,1,1,2,0,0
3631,3,1,4,0,1,1,2,0,0
3632,3,2,1,4,1,1,2,0,0
3633,3,2,2,3,1,1,2,0,0
3634,3,2,3,2,1,1,2,0,0
3635,3,2,4,1,1,1,2,0,0
3636,3,3,2,4,1,1,2,0,0
3637,3,3,3,3,1,1,2,0,0
3638,3,3,4,2,1,1,2,0,0
3639,3,4,3,4,1,1,2,0,0
3640,3,4,4,3,1,1,2,0,0
3641,4,0,0,4,1,1,2,0,0
3642,4,0,1,3,1,1,2,0,0
3643,4,0,2,2,1,1,2,0,0
3644,4,0,3,1,1,1,2,0,0
3645,4,0,4,0,1,1,2,0,0
3646,4,1,1,4,1,1,2,0,0
3647,4,1,2,3,1,1,2,0,0
3648,4,1,3,2,1,1,2,0,0
3649,4,1,4,1,1,1,2,0,0
3650,4,2,2,4,1,1,2,0,0
3651,4,2,3,3,1,1,2,0,0
3652,4,2,4,2,1,1,2,0,0
3653,4,3,3,4,1,1,2,0,0
3654,4,3,4,3,1,1,2,0,0
3655,4,4,4,4,1,1,2,0,0
3656,0,0,0,0,1,1,2,1,1
3657,0,1,0,1,1,1,2,1,1
3658,0,1,1,0,1,1,2,1,1
3659,0,2,0,2,1,1,2,1,0
3660,0,2,1,1,1,1,2,1,1
3661,0,2,2,0,1,1,2,1,1
3662,0,3,0,3,1,1,2,1,0
3663,0,3,1,2,1,1,2,1,0
3664,0,3,2,1,1,1,2,1,1
3665,0,3,3,0,1,1,2,1,0
3666,0,4,0,4,1,1,2,1,0
3667,0,4,1,3,1,1,2,1,0
3668,0,4,2,2,1,1,2,1,0
3669,0,4,3,1,1,1,2,1,0
3670,0,4,4,0,1,1,2,1,0
3671,1,0,0,1,1,1,2,1,1
3672,1,0,1,0,1,1,2,1,1
3673,1,1,0,2,1,1,2,1,1
3674,1,1,1,1,1,1,2,1,2
3675,1,1,2,0,1,1,2,1,1
3676,1,2,0,3,1,1,2,1,0
3677,1,2,1,2,1,1,2,1,1
3678,1,2,2,1,1,1,2,1,2
3679,1,2,3,0,1,1,2,1,1
3680,1,3,0,4,1,1,2,1,0
3681,1,3,1,3,1,1,2,1,0
3682,1,3,2,2,1,1,2,1,1
3683,1,3,3,1,1,1,2,1,1
3684,1,3,4,0,1,1,2,1,0
3685,1,4,1,4,1,1,2,1,0
3686,1,4,2,3,1,1,2,1,0
3687,1,4,3,2,1,1,2,1,0
3688,1,4,4,1,1,1,2,1,0
3689,2,0,0,2,1,1,2,1,0
3690,2,0,1,1,1,1,2,1,1
3691,2,0,2,0,1,1,2,1,0
3692,2,1,0,3,1,1,2,1,0
3693,2,1,1,2,1,1,2,1,1
3694,2,1,2,1,1,1,2,1,1
3695,2,1,3,0,1,1,2,1,0
3696,2,2,0,4,1,1,2,1,0
3697,2,2,1,3,1,1,2,1,0
3698,2,2,2,2,1,1,2,1,1
3699,2,2,3,1,1,1,2,1,1
3700,2,2,4,0,1,1,2,1,0
3701,2,3,1,4,1,1,2,1,0
3702,2,3,2,3,1,1,2,1,0
3703,2,3,3,2,1,1,2,1,1
3704,2,3,4,1,1,1,2,1,0
3705,2,4,2,4,1,1,2,1,0
3706,2,4,3,3,1,1,2,1,0
3707,2,4,4,2,1,1,2,1,0
3708,3,0,0,3,1,1,2,1,0
3709,3,0,1,2,1,1,2,1,0
3710,3,0,2,1,1,1,2,1,0
3711,3,0,3,0,1,1,2,1,0
3712,3,1,0,4,1,1,2,1,0
3713,3,1,1,3,1,1,2,1,0
3714,3,1,2,2,1,1,2,1,0
3715,3,1,3,1,1,1,2,1,0
3716,3,1,4,0,1,1,2,1,0
3717,3,2,1,4,1,1,2,1,0
3718,3,2,2,3,1,1,2,1,0
3719,3,2,3,2,1,1,2,1,0
3720,3,2,4,1,1,1,2,1,0
3721,3,3,2,4,1,1,2,1,0
3722,3,3,3,3,1,1,2,1,0
3723,3,3,4,2,1,1,2,1,0
3724,3,4,3,4,1,1,2,1,0
3725,3,4,4,3,1,1,2,1,0
3726,4,0,0,4,1,1,2,1,0
3727,4,0,1,3,1,1,2,1,0
3728,4,0,2,2,1,1,2,1,0
3729,4,0,3,1,1,1,2,1,0
3730,4,0,4,0,1,1,2,1,0
3731,4,1,1,4,1,1,2,1,0
3732,4,1,2,3,1,1,2,1,0
3733,4,1,3,2,1,1,2,1,0
3734,4,1,4,1,1,1,2,1,0
3735,4,2,2,4,1,1,2,1,0
3736,4,2,3,3,1,1,2,1,0
3737,4,2,4,2,1,1,2,1,0
3738,4,3,3,4,1,1,2,1,0
3739,4,3,4,3,1,1,2,1,0
3740,4,4,4,4,1,1,2,1,0
3741,0,0,0,0,1,1,2,2,1
3742,0,1,0,1,1,1,2,2,1
3743,0,1,1,0,1,1,2,2,1
3744,0,2,0,2,1,1,2,2,1
3745,0,2,1,1,1,1,2,2,1
3746,0,2,2,0,1,1,2,2,1
3747,0,3,0,3,1,1,2,2,0
3748,0,3,1,2,1,1,2,2,1
3749,0,3,2,1,1,1,2,2,1
3750,0,3,3,0,1,1,2,2,0
3751,0,4,0,4,1,1,2,2,0
3752,0,4,1,3,1,1,2,2,0
3753,0,4,2,2,1,1,2,2,1
3754,0,4,3,1,1,1,2,2,0
3755,0,4,4,0,1,1,2,2,0
3756,1,0,0,1,1,1,2,2,1
3757,1,0,1,0,1,1,2,2,1
3758,1,1,0,2,1,1,2,2,1
3759,1,1,1,1,1,1,2,2,2
3760,1,1,2,0,1,1,2,2,1
3761,1,2,0,3,1,1,2,2,1
3762,1,2,1,2,1,1,2,2,2
3763,1,2,2,1,1,1,2,2,2
3764,1,2,3,0,1,1,2,2,1
3765,1,3,0,4,1,1,2,2,0
3766,1,3,1,3,1,1,2,2,1
3767,1,3,2,2,1,1,2,2,2
3768,1,3,3,1,1,1,2,2,1
3769,1,3,4,0,1,1,2,2,0
3770,1,4,1,4,1,1,2,2,0
3771,1,4,2,3,1,1,2,2,1
3772,1,4,3,2,1,1,2,2,1
3773,1,4,4,1,1,1,2,2,0
3774,2,0,0,2,1,1,2,2,0
3775,2,0,1,1,1,1,2,2,1
3776,2,0,2,0,1,1,2,2,0
3777,2,1,0,3,1,1,2,2,0
3778,2,1,1,2,1,1,2,2,1
3779,2,1,2,1,1,1,2,2,1
3780,2,1,3,0,1,1,2,2,0
3781,2,2,0,4,1,1,2,2,0
3782,2,2,1,3,1,1,2,2,1
3783,2,2,2,2,1,1,2,2,1
3784,2,2,3,1,1,1,2,2,1
3785,2,2,4,0,1,1,2,2,0
3786,2,3,1,4,1,1,2,2,0
3787,2,3,2,3,1,1,2,2,1
3788,2,3,3,2,1,1,2,2,1
3789,2,3,4,1,1,1,2,2,0
3790,2,4,2,4,1,1,2,2,0
3791,2,4,3,3,1,1,2,2,1
3792,2,4,4,2,1,1,2,2,0
3793,3,0,0,3,1,1,2,2,0
3794,3,0,1,2,1,1,2,2,0
3795,3,0,2,1,1,1,2,2,0
3796,3,0,3,0,1,1,2,2,0
3797,3,1,0,4,1,1,2,2,0
3798,3,1,1,3,1,1,2,2,0
3799,3,1,2,2,1,1,2,2,0
3800,3,1,3,1,1,1,2,2,0
3801,3,1,4,0,1,1,2,2,0
3802,3,2,1,4,1,1,2,2,0
3803,3,2,2,3,1,1,2,2,0
3804,3,2,3,2,1,1,2,2,0
3805,3,2,4,1,1,1,2,2,0
3806,3,3,2,4,1,1,2,2,0
3807,3,3,3,3,1,1,2,2,0
3808,3,3,4,2,1,1,2,2,0
3809,3,4,3,4,1,1,2,2,0
3810,3,4,4,3,1,1,2,2,0
3811,4,0,0,4,1,1,2,2,0
3812,4,0,1,3,1,1,2,2,0
3813,4,0,2,2,1,1,2,2,0
3814,4,0,3,1,1,1,2,2,0
3815,4,0,4,0,1,1,2,2,0
3816,4,1,1,4,1,1,2,2,0
3817,4,1,2,3,1,1,2,2,0
3818,4,1,3,2,1,1,2,2,0
3819,4,1,4,1,1,1,2,2,0
3820,4,2,2,4,1,1,2,2,0
3821,4,2,3,3,1,1,2,2,0
3822,4,2,4,2,1,1,2,2,0
3823,4,3,3,4,1,1,2,2,0
3824,4,3,4,3,1,1,2,2,0
3825,4,4,4,4,1,1,2,2,0
3826,0,0,0,0,1,2,0,0,1
3827,0,1,0,1,1,2,0,0,0
3828,0,1,1,0,1,2,0,0,0
3829,0,2,0,2,1,2,0,0,0
3830,0,2,1,1,1,2,0,0,0
3831,0,2,2,0,1,2,0,0,0
3832,0,3,0,3,1,2,0,0,0
3833,0,3,1,2,1,2,0,0,0
3834,0,3,2,1,1,2,0,0,0
3835,0,3,3,0,1,2,0,0,0
3836,0,4,0,4,1,2,0,0,0
3837,0,4,1,3,1,2,0,0,0
3838,0,4,2,2,1,2,0,0,0
3839,0,4,3,1,1,2,0,0,0
3840,0,4,4,0,1,2,0,0,0
3841,1,0,0,1,1,2,0,0,1
3842,1,0,1,0,1,2,0,0,1
3843,1,1,0,2,1,2,0,0,0
3844,1,1,1,1,1,2,0,0,0
3845,1,1,2,0,1,2,0,0,0
3846,1,2,0,3,1,2,0,0,0
3847,1,2,1,2,1,2,0,0,0
3848,1,2,2,1,1,2,0,0,0
3849,1,2,3,0,1,2,0,0,0
3850,1,3,0,4,1,2,0,0,0
3851,1,3,1,3,1,2,0,0,0
3852,1,3,2,2,1,2,0,0,0
3853,1,3,3,1,1,2,0,0,0
3854,1,3,4,0,1,2,0,0,0
3855,1,4,1,4,1,2,0,0,0
3856,1,4,2,3,1,2,0,0,0
3857,1,4,3,2,1,2,0,0,0
3858,1,4,4,1,1,2,0,0,0
3859,2,0,0,2,1,2,0,0,1
3860,2,0,1,1,1,2,0,0,1
3861,2,0,2,0,1,2,0,0,0
3862,2,1,0,3,1,2,0,0,0
3863,2,1,1,2,1,2,0,0,0
3864,2,1,2,1,1,2,0,0,0
3865,2,1,3,0,1,2,0,0,0
3866,2,2,0,4,1,2,0,0,0
3867,2,2,1,3,1,2,0,0,0
3868,2,2,2,2,1,2,0,0,0
3869,2,2,3,1,1,2,0,0,0
3870,2,2,4,0,1,2,0,0,0
3871,2,3,1,4,1,2,0,0,0
3872,2,3,2,3,1,2,0,0,0
3873,2,3,3,2,1,2,0,0,0
3874,2,3,4,1,1,2,0,0,0
3875,2,4,2,4,1,2,0,0,0
3876,2,4,3,3,1,2,0,0,0
3877,2,4,4,2,1,2,0,0,0
3878,3,0,0,3,1,2,0,0,0
3879,3,0,1,2,1,2,0,0,1
3880,3,0,2,1,1,2,0,0,0
3881,3,0,3,0,1,2,0,0,0
3882,3,1,0,4,1,2,0,0,0
3883,3,1,1,3,1,2,0,0,0
3884,3,1,2,2,1,2,0,0,0
3885,3,1,3,1,1,2,0,0,0
3886,3,1,4,0,1,2,0,0,0
3887,3,2,1,4,1,2,0,0,0
3888,3,2,2,3,1,2,0,0,0
3889,3,2,3,2,1,2,0,0,0
3890,3,2,4,1,1,2,0,0,0
3891,3,3,2,4,1,2,0,0,0
3892,3,3,3,3,1,2,0,0,0
3893,3,3,4,2,1,2,0,0,0
3894,3,4,3,4,1,2,0,0,0
3895,3,4,4,3,1,2,0,0,0
3896,4,0,0,4,1,2,0,0,0
3897,4,0,1,3,1,2,0,0,0
3898,4,0,2,2,1,2,0,0,0
3899,4,0,3,1,1,2,0,0,0
3900,4,0,4,0,1,2,0,0,0
3901,4,1,1,4,1,2,0,0,0
3902,4,1,2,3,1,2,0,0,0
3903,4,1,3,2,1,2,0,0,0
3904,4,1,4,1,1,2,0,0,0
3905,4,2,2,4,1,2,0,0,0
3906,4,2,3,3,1,2,0,0,0
3907,4,2,4,2,1,2,0,0,0
3908,4,3,3,4,1,2,0,0,0
3909,4,3,4,3,1,2,0,0,0
3910,4,4,4,4,1,2,0,0,0
3911,0,0,0,0,1,2,0,1,1
3912,0,1,0,1,1,2,0,1,1
3913,0,1,1,0,1,2,0,1,0
3914,0,2,0,2,1,2,0,1,0
3915,0,2,1,1,1,2,0,1,0
3916,0,2,2,0,1,2,0,1,0
3917,0,3,0,3,1,2,0,1,0
3918,0,3,1,2,1,2,0,1,0
3919,0,3,2,1,1,2,0,1,0
3920,0,3,3,0,1,2,0,1,0
3921,0,4,0,4,1,2,0,1,0
3922,0,4,1,3,1,2,0,1,0
3923,0,4,2,2,1,2,0,1,0
3924,0,4,3,1,1,2,0,1,0
3925,0,4,4,0,1,2,0,1,0
3926,1,0,0,1,1,2,0,1,1
3927,1,0,1,0,1,2,0,1,1
3928,1,1,0,2,1,2,0,1,1
3929,1,1,1,1,1,2,0,1,1
3930,1,1,2,0,1,2,0,1,0
3931,1,2,0,3,1,2,0,1,0
3932,1,2,1,2,1,2,0,1,0
3933,1,2,2,1,1,2,0,1,0
3934,1,2,3,0,1,2,0,1,0
3935,1,3,0,4,1,2,0,1,0
3936,1,3,1,3,1,2,0,1,0
3937,1,3,2,2,1,2,0,1,0
3938,1,3,3,1,1,2,0,1,0
3939,1,3,4,0,1,2,0,1,0
3940,1,4,1,4,1,2,0,1,0
3941,1,4,2,3,1,2,0,1,0
3942,1,4,3,2,1,2,0,1,0
3943,1,4,4,1,1,2,0,1,0
3944,2,0,0,2,1,2,0,1,1
3945,2,0,1,1,1,2,0,1,1
3946,2,0,2,0,1,2,0,1,0
3947,2,1,0,3,1,2,0,1,1
3948,2,1,1,2,1,2,0,1,1
3949,2,1,2,1,1,2,0,1,0
3950,2,1,3,0,1,2,0,1,0
3951,2,2,0,4,1,2,0,1,0
3952,2,2,1,3,1,2,0,1,0
3953,2,2,2,2,1,2,0,1,0
3954,2,2,3,1,1,2,0,1,0
3955,2,2,4,0,1,2,0,1,0
3956,2,3,1,4,1,2,0,1,0
3957,2,3,2,3,1,2,0,1,0
3958,2,3,3,2,1,2,0,1,0
3959,2,3,4,1,1,2,0,1,0
3960,2,4,2,4,1,2,0,1,0
3961,2,4,3,3,1,2,0,1,0
3962,2,4,4,2,1,2,0,1,0
3963,3,0,0,3,1,2,0,1,0
3964,3,0,1,2,1,2,0,1,1
3965,3,0,2,1,1,2,0,1,0
3966,3,0,3,0,1,2,0,1,0
3967,3,1,0,4,1,2,0,1,0
3968,3,1,1,3,1,2,0,1,1
3969,3,1,2,2,1,2,0,1,0
3970,3,1,3,1,1,2,0,1,0
3971,3,1,4,0,1,2,0,1,0
3972,3,2,1,4,1,2,0,1,0
3973,3,2,2,3,1,2,0,1,0
3974,3,2,3,2,1,2,0,1,0
3975,3,2,4,1,1,2,0,1,0
3976,3,3,2,4,1,2,0,1,0
3977,3,3,3,3,1,2,0,1,0
3978,3,3,4,2,1,2,0,1,0
3979,3,4,3,4,1,2,0,1,0
3980,3,4,4,3,1,2,0,1,0
3981,4,0,0,4,1,2,0,1,0
3982,4,0,1,3,1,2,0,1,0
3983,4,0,2,2,1,2,0,1,0
3984,4,0,3,1,1,2,0,1,0
3985,4,0,4,0,1,2,0,1,0
3986,4,1,1,4,1,2,0,1,0
3987,4,1,2,3,1,2,0,1,0
3988,4,1,3,2,1,2,0,1,0
3989,4,1,4,1,1,2,0,1,0
3990,4,2,2,4,1,2,0,1,0
3991,4,2,3,3,1,2,0,1,0
3992,4,2,4,2,1,2,0,1,0
3993,4,3,3,4,1,2,0,1,0
3994,4,3,4,3,1,2,0,1,0
3995,4,4,4,4,1,2,0,1,0
3996,0,0,0,0,1,2,0,2,1
3997,0,1,0,1,1,2,0,2,1
3998,0,1,1,0,1,2,0,2,0
3999,0,2,0,2,1,2,0,2,1
4000,0,2,1,1,1,2,0,2,0
4001,0,2,2,0,1,2,0,2,0
4002,0,3,0,3,1,2,0,2,0
4003,0,3,1,2,1,2,0,2,0
4004,0,3,2,1,1,2,0,2,0
4005,0,3,3,0,1,2,0,2,0
4006,0,4,0,4,1,2,0,2,0
4007,0,4,1,3,1,2,0,2,0
4008,0,4,2,2,1,2,0,2,0
4009,0,4,3,1,1,2,0,2,0
4010,0,4,4,0,1,2,0,2,0
4011,1,0,0,1,1,2,0,2,1
4012,1,0,1,0,1,2,0,2,1
4013,1,1,0,2,1,2,0,2,1
4014,1,1,1,1,1,2,0,2,1
4015,1,1,2,0,1,2,0,2,0
4016,1,2,0,3,1,2,0,2,1
4017,1,2,1,2,1,2,0,2,1
4018,1,2,2,1,1,2,0,2,0
4019,1,2,3,0,1,2,0,2,0
4020,1,3,0,4,1,2,0,2,0
4021,1,3,1,3,1,2,0,2,0
4022,1,3,2,2,1,2,0,2,0
4023,1,3,3,1,1,2,0,2,0
4024,1,3,4,0,1,2,0,2,0
4025,1,4,1,4,1,2,0,2,0
4026,1,4,2,3,1,2,0,2,0
4027,1,4,3,2,1,2,0,2,0
4028,1,4,4,1,1,2,0,2,0
4029,2,0,0,2,1,2,0,2,1
4030,2,0,1,1,1,2,0,2,1
4031,2,0,2,0,1,2,0,2,0
4032,2,1,0,3,1,2,0,2,1
4033,2,1,1,2,1,2,0,2,1
4034,2,1,2,1,1,2,0,2,0
4035,2,1,3,0,1,2,0,2,0
4036,2,2,0,4,1,2,0,2,1
4037,2,2,1,3,1,2,0,2,1
4038,2,2,2,2,1,2,0,2,0
4039,2,2,3,1,1,2,0,2,0
4040,2,2,4,0,1,2,0,2,0
4041,2,3,1,4,1,2,0,2,0
4042,2,3,2,3,1,2,0,2,0
4043,2,3,3,2,1,2,0,2,0
4044,2,3,4,1,1,2,0,2,0
4045,2,4,2,4,1,2,0,2,0
4046,2,4,3,3,1,2,0,2,0
4047,2,4,4,2,1,2,0,2,0
4048,3,0,0,3,1,2,0,2,0
4049,3,0,1,2,1,2,0,2,1
4050,3,0,2,1,1,2,0,2,0
4051,3,0,3,0,1,2,0,2,0
4052,3,1,0,4,1,2,0,2,0
4053,3,1,1,3,1,2,0,2,1
4054,3,1,2,2,1,2,0,2,0
4055,3,1,3,1,1,2,0,2,0
4056,3,1,4,0,1,2,0,2,0
4057,3,2,1,4,1,2,0,2,1
4058,3,2,2,3,1,2,0,2,0
4059,3,2,3,2,1,2,0,2,0
4060,3,2,4,1,1,2,0,2,0
4061,3,3,2,4,1,2,0,2,0
4062,3,3,3,3,1,2,0,2,0
4063,3,3,4,2,1,2,0,2,0
4064,3,4,3,4,1,2,0,2,0
4065,3,4,4,3,1,2,0,2,0
4066,4,0,0,4,1,2,0,2,0
4067,4,0,1,3,1,2,0,2,0
4068,4,0,2,2,1,2,0,2,0
4069,4,0,3,1,1,2,0,2,0
4070,4,0,4,0,1,2,0,2,0
4071,4,1,1,4,1,2,0,2,0
4072,4,1,2,3,1,2,0,2,0
4073,4,1,3,2,1,2,0,2,0
4074,4,1,4,1,1,2,0,2,0
4075,4,2,2,4,1,2,0,2,0
4076,4,2,3,3,1,2,0,2,0
4077,4,2,4,2,1,2,0,2,0
4078,4,3,3,4,1,2,0,2,0
4079,4,3,4,3,1,2,0,2,0
4080,4,4,4,4,1,2,0,2,0
4081,0,0,0,0,1,2,1,0,1
4082,0,1,0,1,1,2,1,0,0
4083,0,1,1,0,1,2,1,0,1
4084,0,2,0,2,1,2,1,0,0
4085,0,2,1,1,1,2,1,0,0
4086,0,2,2,0,1,2,1,0,0
4087,0,3,0,3,1,2,1,0,0
4088,0,3,1,2,1,2,1,0,0
4089,0,3,2,1,1,2,1,0,0
4090,0,3,3,0,1,2,1,0,0
4091,0,4,0,4,1,2,1,0,0
4092,0,4,1,3,1,2,1,0,0
4093,0,4,2,2,1,2,1,0,0
4094,0,4,3,1,1,2,1,0,0
4095,0,4,4,0,1,2,1,0,0
4096,1,0,0,1,1,2,1,0,1
4097,1,0,1,0,1,2,1,0,1
4098,1,1,0,2,1,2,1,0,0
4099,1,1,1,1,1,2,1,0,1
4100,1,1,2,0,1,2,1,0,1
4101,1,2,0,3,1,2,1,0,0
4102,1,2,1,2,1,2,1,0,0
4103,1,2,2,1,1,2,1,0,0
4104,1,2,3,0,1,2,1,0,0
4105,1,3,0,4,1,2,1,0,0
4106,1,3,1,3,1,2,1,0,0
4107,1,3,2,2,1,2,1,0,0
4108,1,3,3,1,1,2,1,0,0
4109,1,3,4,0,1,2,1,0,0
4110,1,4,1,4,1,2,1,0,0
4111,1,4,2,3,1,2,1,0,0
4112,1,4,3,2,1,2,1,0,0
4113,1,4,4,1,1,2,1,0,0
4114,2,0,0,2,1,2,1,0,1
4115,2,0,1,1,1,2,1,0,1
4116,2,0,2,0,1,2,1,0,0
4117,2,1,0,3,1,2,1,0,0
4118,2,1,1,2,1,2,1,0,1
4119,2,1,2,1,1,2,1,0,1
4120,2,1,3,0,1,2,1,0,0
4121,2,2,0,4,1,2,1,0,0
4122,2,2,1,3,1,2,1,0,0
4123,2,2,2,2,1,2,1,0,0
4124,2,2,3,1,1,2,1,0,0
4125,2,2,4,0,1,2,1,0,0
4126,2,3,1,4,1,2,1,0,0
4127,2,3,2,3,1,2,1,0,0
4128,2,3,3,2,1,2,1,0,0
4129,2,3,4,1,1,2,1,0,0
4130,2,4,2,4,1,2,1,0,0
4131,2,4,3,3,1,2,1,0,0
4132,2,4,4,2,1,2,1,0,0
4133,3,0,0,3,1,2,1,0,0
4134,3,0,1,2,1,2,1,0,1
4135,3,0,2,1,1,2,1,0,0
4136,3,0,3,0,1,2,1,0,0
4137,3,1,0,4,1,2,1,0,0
4138,3,1,1,3,1,2,1,0,0
4139,3,1,2,2,1,2,1,0,1
4140,3,1,3,1,1,2,1,0,0
4141,3,1,4,0,1,2,1,0,0
4142,3,2,1,4,1,2,1,0,0
4143,3,2,2,3,1,2,1,0,0
4144,3,2,3,2,1,2,1,0,0
4145,3,2,4,1,1,2,1,0,0
4146,3,3,2,4,1,2,1,0,0
4147,3,3,3,3,1,2,1,0,0
4148,3,3,4,2,1,2,1,0,0
4149,3,4,3,4,1,2,1,0,0
4150,3,4,4,3,1,2,1,0,0
4151,4,0,0,4,1,2,1,0,0
4152,4,0,1,3,1,2,1,0,0
4153,4,0,2,2,1,2,1,0,0
4154,4,0,3,1,1,2,1,0,0
4155,4,0,4,0,1,2,1,0,0
4156,4,1,1,4,1,2,1,0,0
4157,4,1,2,3,1,2,1,0,0
4158,4,1,3,2,1,2,1,0,0
4159,4,1,4,1,1,2,1,0,0
4160,4,2,2,4,1,2,1,0,0
4161,4,2,3,3,1,2,1,0,0
4162,4,2,4,2,1,2,1,0,0
4163,4,3,3,4,1,2,1,0,0
4164,4,3,4,3,1,2,1,0,0
4165,4,4,4,4,1,2,1,0,0
4166,0,0,0,0,1,2,1,1,1
4167,0,1,0,1,1,2,1,1,1
4168,0,1,1,0,1,2,1,1,1
4169,0,2,0,2,1,2,1,1,0
4170,0,2,1,1,1,2,1,1,1
4171,0,2,2,0,1,2,1,1,0
4172,0,3,0,3,1,2,1,1,0
4173,0,3,1,2,1,2,1,1,0
4174,0,3,2,1,1,2,1,1,0
4175,0,3,3,0,1,2,1,1,0
4176,0,4,0,4,1,2,1,1,0
4177,0,4,1,3,1,2,1,1,0
4178,0,4,2,2,1,2,1,1,0
4179,0,4,3,1,1,2,1,1,0
4180,0,4,4,0,1,2,1,1,0
4181,1,0,0,1,1,2,1,1,1
4182,1,0,1,0,1,2,1,1,1
4183,1,1,0,2,1,2,1,1,1
4184,1,1,1,1,1,2,1,1,2
4185,1,1,2,0,1,2,1,1,1
4186,1,2,0,3,1,2,1,1,0
4187,1,2,1,2,1,2,1,1,1
4188,1,2,2,1,1,2,1,1,1
4189,1,2,3,0,1,2,1,1,0
4190,1,3,0,4,1,2,1,1,0
4191,1,3,1,3,1,2,1,1,0
4192,1,3,2,2,1,2,1,1,0
4193,1,3,3,1,1,2,1,1,0
4194,1,3,4,0,1,2,1,1,0
4195,1,4,1,4,1,2,1,1,0
4196,1,4,2,3,1,2,1,1,0
4197,1,4,3,2,1,2,1,1,0
4198,1,4,4,1,1,2,1,1,0
4199,2,0,0,2,1,2,1,1,1
4200,2,0,1,1,1,2,1,1,1
4201,2,0,2,0,1,2,1,1,0
4202,2,1,0,3,1,2,1,1,1
4203,2,1,1,2,1,2,1,1,2
4204,2,1,2,1,1,2,1,1,1
4205,2,1,3,0,1,2,1,1,0
4206,2,2,0,4,1,2,1,1,0
4207,2,2,1,3,1,2,1,1,1
4208,2,2,2,2,1,2,1,1,1
4209,2,2,3,1,1,2,1,1,0
4210,2,2,4,0,1,2,1,1,0
4211,2,3,1,4,1,2,1,1,0
4212,2,3,2,3,1,2,1,1,0
4213,2,3,3,2,1,2,1,1,0
4214,2,3,4,1,1,2,1,1,0
4215,2,4,2,4,1,2,1,1,0
4216,2,4,3,3,1,2,1,1,0
4217,2,4,4,2,1,2,1,1,0
4218,3,0,0,3,1,2,1,1,0
4219,3,0,1,2,1,2,1,1,1
4220,3,0,2,1,1,2,1,1,0
4221,3,0,3,0,1,2,1,1,0
4222,3,1,0,4,1,2,1,1,0
4223,3,1,1,3,1,2,1,1,1
4224,3,1,2,2,1,2,1,1,1
4225,3,1,3,1,1,2,1,1,0
4226,3,1,4,0,1,2,1,1,0
4227,3,2,1,4,1,2,1,1,0
4228,3,2,2,3,1,2,1,1,1
4229,3,2,3,2,1,2,1,1,0
4230,3,2,4,1,1,2,1,1,0
4231,3,3,2,4,1,2,1,1,0
4232,3,3,3,3,1,2,1,1,0
4233,3,3,4,2,1,2,1,1,0
4234,3,4,3,4,1,2,1,1,0
4235,3,4,4,3,1,2,1,1,0
4236,4,0,0,4,1,2,1,1,0
4237,4,0,1,3,1,2,1,1,0
4238,4,0,2,2,1,2,1,1,0
4239,4,0,3,1,1,2,1,1,0
4240,4,0,4,0,1,2,1,1,0
4241,4,1,1,4,1,2,1,1,0
4242,4,1,2,3,1,2,1,1,0
4243,4,1,3,2,1,2,1,1,0
4244,4,1,4,1,1,2,1,1,0
4245,4,2,2,4,1,2,1,1,0
4246,4,2,3,3,1,2,1,1,0
4247,4,2,4,2,1,2,1,1,0
4248,4,3,3,4,1,2,1,1,0
4249,4,3,4,3,1,2,1,1,0
4250,4,4,4,4,1,2,1,1,0
4251,0,0,0,0,1,2,1,2,1
4252,0,1,0,1,1,2,1,2,1
4253,0,1,1,0,1,2,1,2,1
4254,0,2,0,2,1,2,1,2,1
4255,0,2,1,1,1,2,1,2,1
4256,0,2,2,0,1,2,1,2,0
4257,0,3,0,3,1,2,1,2,0
4258,0,3,1,2,1,2,1,2,1
4259,0,3,2,1,1,2,1,2,0
4260,0,3,3,0,1,2,1,2,0
4261,0,4,0,4,1,2,1,2,0
4262,0,4,1,3,1,2,1,2,0
4263,0,4,2,2,1,2,1,2,0
4264,0,4,3,1,1,2,1,2,0
4265,0,4,4,0,1,2,1,2,0
4266,1,0,0,1,1,2,1,2,1
4267,1,0,1,0,1,2,1,2,1
4268,1,1,0,2,1,2,1,2,1
4269,1,1,1,1,1,2,1,2,2
4270,1,1,2,0,1,2,1,2,1
4271,1,2,0,3,1,2,1,2,1
4272,1,2,1,2,1,2,1,2,2
4273,1,2,2,1,1,2,1,2,1
4274,1,2,3,0,1,2,1,2,0
4275,1,3,0,4,1,2,1,2,0
4276,1,3,1,3,1,2,1,2,1
4277,1,3,2,2,1,2,1,2,1
4278,1,3,3,1,1,2,1,2,0
4279,1,3,4,0,1,2,1,2,0
4280,1,4,1,4,1,2,1,2,0
4281,1,4,2,3,1,2,1,2,0
4282,1,4,3,2,1,2,1,2,0
4283,1,4,4,1,1,2,1,2,0
4284,2,0,0,2,1,2,1,2,1
4285,2,0,1,1,1,2,1,2,1
4286,2,0,2,0,1,2,1,2,0
4287,2,1,0,3,1,2,1,2,1
4288,2,1,1,2,1,2,1,2,2
4289,2,1,2,1,1,2,1,2,1
4290,2,1,3,0,1,2,1,2,0
4291,2,2,0,4,1,2,1,2,1
4292,2,2,1,3,1,2,1,2,2
4293,2,2,2,2,1,2,1,2,1
4294,2,2,3,1,1,2,1,2,0
4295,2,2,4,0,1,2,1,2,0
4296,2,3,1,4,1,2,1,2,1
4297,2,3,2,3,1,2,1,2,1
4298,2,3,3,2,1,2,1,2,0
4299,2,3,4,1,1,2,1,2,0
4300,2,4,2,4,1,2,1,2,0
4301,2,4,3,3,1,2,1,2,0
4302,2,4,4,2,1,2,1,2,0
4303,3,0,0,3,1,2,1,2,0
4304,3,0,1,2,1,2,1,2,1
4305,3,0,2,1,1,2,1,2,0
4306,3,0,3,0,1,2,1,2,0
4307,3,1,0,4,1,2,1,2,0
4308,3,1,1,3,1,2,1,2,1
4309,3,1,2,2,1,2,1,2,1
4310,3,1,3,1,1,2,1,2,0
4311,3,1,4,0,1,2,1,2,0
4312,3,2,1,4,1,2,1,2,1
4313,3,2,2,3,1,2,1,2,1
4314,3,2,3,2,1,2,1,2,0
4315,3,2,4,1,1,2,1,2,0
4316,3,3,2,4,1,2,1,2,1
4317,3,3,3,3,1,2,1,2,0
4318,3,3,4,2,1,2,1,2,0
4319,3,4,3,4,1,2,1,2,0
4320,3,4,4,3,1,2,1,2,0
4321,4,0,0,4,1,2,1,2,0
4322,4,0,1,3,1,2,1,2,0
4323,4,0,2,2,1,2,1,2,0
4324,4,0,3,1,1,2,1,2,0
4325,4,0,4,0,1,2,1,2,0
4326,4,1,1,4,1,2,1,2,0
4327,4,1,2,3,1,2,1,2,0
4328,4,1,3,2,1,2,1,2,0
4329,4,1,4,1,1,2,1,2,0
4330,4,2,2,4,1,2,1,2,0
4331,4,2,3,3,1,2,1,2,0
4332,4,2,4,2,1,2,1,2,0
4333,4,3,3,4,1,2,1,2,0
4334,4,3,4,3,1,2,1,2,0
4335,4,4,4,4,1,2,1,2,0
4336,0,0,0,0,1,2,2,0,1
4337,0,1,0,1,1,2,2,0,0
4338,0,1,1,0,1,2,2,0,1
4339,0,2,0,2,1,2,2,0,0
4340,0,2,1,1,1,2,2,0,0
4341,0,2,2,0,1,2,2,0,1
4342,0,3,0,3,1,2,2,0,0
4343,0,3,1,2,1,2,2,0,0
4344,0,3,2,1,1,2,2,0,0
4345,0,3,3,0,1,2,2,0,0
4346,0,4,0,4,1,2,2,0,0
4347,0,4,1,3,1,2,2,0,0
4348,0,4,2,2,1,2,2,0,0
4349,0,4,3,1,1,2,2,0,0
4350,0,4,4,0,1,2,2,0,0
4351,1,0,0,1,1,2,2,0,1
4352,1,0,1,0,1,2,2,0,1
4353,1,1,0,2,1,2,2,0,0
4354,1,1,1,1,1,2,2,0,1
4355,1,1,2,0,1,2,2,0,1
4356,1,2,0,3,1,2,2,0,0
4357,1,2,1,2,1,2,2,0,0
4358,1,2,2,1,1,2,2,0,1
4359,1,2,3,0,1,2,2,0,1
4360,1,3,0,4,1,2,2,0,0
4361,1,3,1,3,1,2,2,0,0
4362,1,3,2,2,1,2,2,0,0
4363,1,3,3,1,1,2,2,0,0
4364,1,3,4,0,1,2,2,0,0
4365,1,4,1,4,1,2,2,0,0
4366,1,4,2,3,1,2,2,0,0
4367,1,4,3,2,1,2,2,0,0
4368,1,4,4,1,1,2,2,0,0
4369,2,0,0,2,1,2,2,0,1
4370,2,0,1,1,1,2,2,0,1
4371,2,0,2,0,1,2,2,0,0
4372,2,1,0,3,1,2,2,0,0
4373,2,1,1,2,1,2,2,0,1
4374,2,1,2,1,1,2,2,0,1
4375,2,1,3,0,1,2,2,0,0
4376,2,2,0,4,1,2,2,0,0
4377,2,2,1,3,1,2,2,0,0
4378,2,2,2,2,1,2,2,0,1
4379,2,2,3,1,1,2,2,0,1
4380,2,2,4,0,1,2,2,0,0
4381,2,3,1,4,1,2,2,0,0
4382,2,3,2,3,1,2,2,0,0
4383,2,3,3,2,1,2,2,0,0
4384,2,3,4,1,1,2,2,0,0
4385,2,4,2,4,1,2,2,0,0
4386,2,4,3,3,1,2,2,0,0
4387,2,4,4,2,1,2,2,0,0
4388,3,0,0,3,1,2,2,0,0
4389,3,0,1,2,1,2,2,0,1
4390,3,0,2,1,1,2,2,0,0
4391,3,0,3,0,1,2,2,0,0
4392,3,1,0,4,1,2,2,0,0
4393,3,1,1,3,1,2,2,0,0
4394,3,1,2,2,1,2,2,0,1
4395,3,1,3,1,1,2,2,0,0
4396,3,1,4,0,1,2,2,0,0
4397,3,2,1,4,1,2,2,0,0
4398,3,2,2,3,1,2,2,0,0
4399,3,2,3,2,1,2,2,0,1
4400,3,2,4,1,1,2,2,0,0
4401,3,3,2,4,1,2,2,0,0
4402,3,3,3,3,1,2,2,0,0
4403,3,3,4,2,1,2,2,0,0
4404,3,4,3,4,1,2,2,0,0
4405,3,4,4,3,1,2,2,0,0
4406,4,0,0,4,1,2,2,0,0
4407,4,0,1,3,1,2,2,0,0
4408,4,0,2,2,1,2,2,0,0
4409,4,0,3,1,1,2,2,0,0
4410,4,0,4,0,1,2,2,0,0
4411,4,1,1,4,1,2,2,0,0
4412,4,1,2,3,1,2,2,0,0
4413,4,1,3,2,1,2,2,0,0
4414,4,1,4,1,1,2,2,0,0
4415,4,2,2,4,1,2,2,0,0
4416,4,2,3,3,1,2,2,0,0
4417,4,2,4,2,1,2,2,0,0
4418,4,3,3,4,1,2,2,0,0
4419,4,3,4,3,1,2,2,0,0
4420,4,4,4,4,1,2,2,0,0
4421,0,0,0,0,1,2,2,1,1
4422,0,1,0,1,1,2,2,1,1
4423,0,1,1,0,1,2,2,1,1
4424,0,2,0,2,1,2,2,1,0
4425,0,2,1,1,1,2,2,1,1
4426,0,2,2,0,1,2,2,1,1
4427,0,3,0,3,1,2,2,1,0
4428,0,3,1,2,1,2,2,1,0
4429,0,3,2,1,1,2,2,1,1
4430,0,3,3,0,1,2,2,1,0
4431,0,4,0,4,1,2,2,1,0
4432,0,4,1,3,1,2,2,1,0
4433,0,4,2,2,1,2,2,1,0
4434,0,4,3,1,1,2,2,1,0
4435,0,4,4,0,1,2,2,1,0
4436,1,0,0,1,1,2,2,1,1
4437,1,0,1,0,1,2,2,1,1
4438,1,1,0,2,1,2,2,1,1
4439,1,1,1,1,1,2,2,1,2
4440,1,1,2,0,1,2,2,1,1
4441,1,2,0,3,1,2,2,1,0
4442,1,2,1,2,1,2,2,1,1
4443,1,2,2,1,1,2,2,1,2
4444,1,2,3,0,1,2,2,1,1
4445,1,3,0,4,1,2,2,1,0
4446,1,3,1,3,1,2,2,1,0
4447,1,3,2,2,1,2,2,1,1
4448,1,3,3,1,1,2,2,1,1
4449,1,3,4,0,1,2,2,1,0
4450,1,4,1,4,1,2,2,1,0
4451,1,4,2,3,1,2,2,1,0
4452,1,4,3,2,1,2,2,1,0
4453,1,4,4,1,1,2,2,1,0
4454,2,0,0,2,1,2,2,1,1
4455,2,0,1,1,1,2,2,1,1
4456,2,0,2,0,1,2,2,1,0
4457,2,1,0,3,1,2,2,1,1
4458,2,1,1,2,1,2,2,1,2
4459,2,1,2,1,1,2,2,1,1
4460,2,1,3,0,1,2,2,1,0
4461,2,2,0,4,1,2,2,1,0
4462,2,2,1,3,1,2,2,1,1
4463,2,2,2,2,1,2,2,1,2
4464,2,2,3,1,1,2,2,1,1
4465,2,2,4,0,1,2,2,1,0
4466,2,3,1,4,1,2,2,1,0
4467,2,3,2,3,1,2,2,1,1
4468,2,3,3,2,1,2,2,1,1
4469,2,3,4,1,1,2,2,1,0
4470,2,4,2,4,1,2,2,1,0
4471,2,4,3,3,1,2,2,1,0
4472,2,4,4,2,1,2,2,1,0
4473,3,0,0,3,1,2,2,1,0
4474,3,0,1,2,1,2,2,1,1
4475,3,0,2,1,1,2,2,1,0
4476,3,0,3,0,1,2,2,1,0
4477,3,1,0,4,1,2,2,1,0
4478,3,1,1,3,1,2,2,1,1
4479,3,1,2,2,1,2,2,1,1
4480,3,1,3,1,1,2,2,1,0
4481,3,1,4,0,1,2,2,1,0
4482,3,2,1,4,1,2,2,1,0
4483,3,2,2,3,1,2,2,1,1
4484,3,2,3,2,1,2,2,1,1
4485,3,2,4,1,1,2,2,1,0
4486,3,3,2,4,1,2,2,1,0
4487,3,3,3,3,1,2,2,1,1
4488,3,3,4,2,1,2,2,1,0
4489,3,4,3,4,1,2,2,1,0
4490,3,4,4,3,1,2,2,1,0
4491,4,0,0,4,1,2,2,1,0
4492,4,0,1,3,1,2,2,1,0
4493,4,0,2,2,1,2,2,1,0
4494,4,0,3,1,1,2,2,1,0
4495,4,0,4,0,1,2,2,1,0
4496,4,1,1,4,1,2,2,1,0
4497,4,1,2,3,1,2,2,1,0
4498,4,1,3,2,1,2,2,1,0
4499,4,1,4,1,1,2,2,1,0
4500,4,2,2,4,1,2,2,1,0
4501,4,2,3,3,1,2,2,1,0
4502,4,2,4,2,1,2,2,1,0
4503,4,3,3,4,1,2,2,1,0
4504,4,3,4,3,1,2,2,1,0
4505,4,4,4,4,1,2,2,1,0
4506,0,0,0,0,1,2,2,2,1
4507,0,1,0,1,1,2,2,2,1
4508,0,1,1,0,1,2,2,2,1
4509,0,2,0,2,1,2,2,2,1
4510,0,2,1,1,1,2,2,2,1
4511,0,2,2,0,1,2,2,2,1
4512,0,3,0,3,1,2,2,2,0
4513,0,3,1,2,1,2,2,2,1
4514,0,3,2,1,1,2,2,2,1
4515,0,3,3,0,1,2,2,2,0
4516,0,4,0,4,1,2,2,2,0
4517,0,4,1,3,1,2,2,2,0
4518,0,4,2,2,1,2,2,2,1
4519,0,4,3,1,1,2,2,2,0
4520,0,4,4,0,1,2,2,2,0
4521,1,0,0,1,1,2,2,2,1
4522,1,0,1,0,1,2,2,2,1
4523,1,1,0,2,1,2,2,2,1
4524,1,1,1,1,1,2,2,2,2
4525,1,1,2,0,1,2,2,2,1
4526,1,2,0,3,1,2,2,2,1
4527,1,2,1,2,1,2,2,2,2
4528,1,2,2,1,1,2,2,2,2
4529,1,2,3,0,1,2,2,2,1
4530,1,3,0,4,1,2,2,2,0
4531,1,3,1,3,1,2,2,2,1
4532,1,3,2,2,1,2,2,2,2
4533,1,3,3,1,1,2,2,2,1
4534,1,3,4,0,1,2,2,2,0
4535,1,4,1,4,1,2,2,2,0
4536,1,4,2,3,1,2,2,2,1
4537,1,4,3,2,1,2,2,2,1
4538,1,4,4,1,1,2,2,2,0
4539,2,0,0,2,1,2,2,2,1
4540,2,0,1,1,1,2,2,2,1
4541,2,0,2,0,1,2,2,2,0
4542,2,1,0,3,1,2,2,2,1
4543,2,1,1,2,1,2,2,2,2
4544,2,1,2,1,1,2,2,2,1
4545,2,1,3,0,1,2,2,2,0
4546,2,2,0,4,1,2,2,2,1
4547,2,2,1,3,1,2,2,2,2
4548,2,2,2,2,1,2,2,2,2
4549,2,2,3,1,1,2,2,2,1
4550,2,2,4,0,1,2,2,2,0
4551,2,3,1,4,1,2,2,2,1
4552,2,3,2,3,1,2,2,2,2
4553,2,3,3,2,1,2,2,2,1
4554,2,3,4,1,1,2,2,2,0
4555,2,4,2,4,1,2,2,2,1
4556,2,4,3,3,1,2,2,2,1
4557,2,4,4,2,1,2,2,2,0
4558,3,0,0,3,1,2,2,2,0
4559,3,0,1,2,1,2,2,2,1
4560,3,0,2,1,1,2,2,2,0
4561,3,0,3,0,1,2,2,2,0
4562,3,1,0,4,1,2,2,2,0
4563,3,1,1,3,1,2,2,2,1
4564,3,1,2,2,1,2,2,2,1
4565,3,1,3,1,1,2,2,2,0
4566,3,1,4,0,1,2,2,2,0
4567,3,2,1,4,1,2,2,2,1
4568,3,2,2,3,1,2,2,2,1
4569,3,2,3,2,1,2,2,2,1
4570,3,2,4,1,1,2,2,2,0
4571,3,3,2,4,1,2,2,2,1
4572,3,3,3,3,1,2,2,2,1
4573,3,3,4,2,1,2,2,2,0
4574,3,4,3,4,1,2,2,2,1
4575,3,4,4,3,1,2,2,2,0
4576,4,0,0,4,1,2,2,2,0
4577,4,0,1,3,1,2,2,2,0
4578,4,0,2,2,1,2,2,2,0
4579,4,0,3,1,1,2,2,2,0
4580,4,0,4,0,1,2,2,2,0
4581,4,1,1,4,1,2,2,2,0
4582,4,1,2,3,1,2,2,2,0
4583,4,1,3,2,1,2,2,2,0
4584,4,1,4,1,1,2,2,2,0
4585,4,2,2,4,1,2,2,2,0
4586,4,2,3,3,1,2,2,2,0
4587,4,2,4,2,1,2,2,2,0
4588,4,3,3,4,1,2,2,2,0
4589,4,3,4,3,1,2,2,2,0
4590,4,4,4,4,1,2,2,2,0
4591,0,0,0,0,2,0,0,0,1
4592,0,1,0,1,2,0,0,0,0
4593,0,1,1,0,2,0,0,0,0
4594,0,2,0,2,2,0,0,0,0
4595,0,2,1,1,2,0,0,0,0
4596,0,2,2,0,2,0,0,0,0
4597,0,3,0,3,2,0,0,0,0
4598,0,3,1,2,2,0,0,0,0
4599,0,3,2,1,2,0,0,0,0
4600,0,3,3,0,2,0,0,0,0
4601,0,4,0,4,2,0,0,0,0
4602,0,4,1,3,2,0,0,0,0
4603,0,4,2,2,2,0,0,0,0
4604,0,4,3,1,2,0,0,0,0
4605,0,4,4,0,2,0,0,0,0
4606,1,0,0,1,2,0,0,0,0
4607,1,0,1,0,2,0,0,0,1
4608,1,1,0,2,2,0,0,0,0
4609,1,1,1,1,2,0,0,0,0
4610,1,1,2,0,2,0,0,0,0
4611,1,2,0,3,2,0,0,0,0
4612,1,2,1,2,2,0,0,0,0
4613,1,2,2,1,2,0,0,0,0
4614,1,2,3,0,2,0,0,0,0
4615,1,3,0,4,2,0,0,0,0
4616,1,3,1,3,2,0,0,0,0
4617,1,3,2,2,2,0,0,0,0
4618,1,3,3,1,2,0,0,0,0
4619,1,3,4,0,2,0,0,0,0
4620,1,4,1,4,2,0,0,0,0
4621,1,4,2,3,2,0,0,0,0
4622,1,4,3,2,2,0,0,0,0
4623,1,4,4,1,2,0,0,0,0
4624,2,0,0,2,2,0,0,0,0
4625,2,0,1,1,2,0,0,0,0
4626,2,0,2,0,2,0,0,0,1
4627,2,1,0,3,2,0,0,0,0
4628,2,1,1,2,2,0,0,0,0
4629,2,1,2,1,2,0,0,0,0
4630,2,1,3,0,2,0,0,0,0
4631,2,2,0,4,2,0,0,0,0
4632,2,2,1,3,2,0,0,0,0
4633,2,2,2,2,2,0,0,0,0
4634,2,2,3,1,2,0,0,0,0
4635,2,2,4,0,2,0,0,0,0
4636,2,3,1,4,2,0,0,0,0
4637,2,3,2,3,2,0,0,0,0
4638,2,3,3,2,2,0,0,0,0
4639,2,3,4,1,2,0,0,0,0
4640,2,4,2,4,2,0,0,0,0
4641,2,4,3,3,2,0,0,0,0
4642,2,4,4,2,2,0,0,0,0
4643,3,0,0,3,2,0,0,0,0
4644,3,0,1,2,2,0,0,0,0
4645,3,0,2,1,2,0,0,0,0
4646,3,0,3,0,2,0,0,0,0
4647,3,1,0,4,2,0,0,0,0
4648,3,1,1,3,2,0,0,0,0
4649,3,1,2,2,2,0,0,0,0
4650,3,1,3,1,2,0,0,0,0
4651,3,1,4,0,2,0,0,0,0
4652,3,2,1,4,2,0,0,0,0
4653,3,2,2,3,2,0,0,0,0
4654,3,2,3,2,2,0,0,0,0
4655,3,2,4,1,2,0,0,0,0
4656,3,3,2,4,2,0,0,0,0
4657,3,3,3,3,2,0,0,0,0
4658,3,3,4,2,2,0,0,0,0
4659,3,4,3,4,2,0,0,0,0
4660,3,4,4,3,2,0,0,0,0
4661,4,0,0,4,2,0,0,0,0
4662,4,0,1,3,2,0,0,0,0
4663,4,0,2,2,2,0,0,0,0
4664,4,0,3,1,2,0,0,0,0
4665,4,0,4,0,2,0,0,0,0
4666,4,1,1,4,2,0,0,0,0
4667,4,1,2,3,2,0,0,0,0
4668,4,1,3,2,2,0,0,0,0
4669,4,1,4,1,2,0,0,0,0
4670,4,2,2,4,2,0,0,0,0
4671,4,2,3,3,2,0,0,0,0
4672,4,2,4,2,2,0,0,0,0
4673,4,3,3,4,2,0,0,0,0
4674,4,3,4,3,2,0,0,0,0
4675,4,4,4,4,2,0,0,0,0
4676,0,0,0,0,2,0,0,1,1
4677,0,1,0,1,2,0,0,1,1
4678,0,1,1,0,2,0,0,1,0
4679,0,2,0,2,2,0,0,1,0
4680,0,2,1,1,2,0,0,1,0
4681,0,2,2,0,2,0,0,1,0
4682,0,3,0,3,2,0,0,1,0
4683,0,3,1,2,2,0,0,1,0
4684,0,3,2,1,2,0,0,1,0
4685,0,3,3,0,2,0,0,1,0
4686,0,4,0,4,2,0,0,1,0
4687,0,4,1,3,2,0,0,1,0
4688,0,4,2,2,2,0,0,1,0
4689,0,4,3,1,2,0,0,1,0
4690,0,4,4,0,2,0,0,1,0
4691,1,0,0,1,2,0,0,1,0
4692,1,0,1,0,2,0,0,1,1
4693,1,1,0,2,2,0,0,1,0
4694,1,1,1,1,2,0,0,1,1
4695,1,1,2,0,2,0,0,1,0
4696,1,2,0,3,2,0,0,1,0
4697,1,2,1,2,2,0,0,1,0
4698,1,2,2,1,2,0,0,1,0
4699,1,2,3,0,2,0,0,1,0
4700,1,3,0,4,2,0,0,1,0
4701,1,3,1,3,2,0,0,1,0
4702,1,3,2,2,2,0,0,1,0
4703,1,3,3,1,2,0,0,1,0
4704,1,3,4,0,2,0,0,1,0
4705,1,4,1,4,2,0,0,1,0
4706,1,4,2,3,2,0,0,1,0
4707,1,4,3,2,2,0,0,1,0
4708,1,4,4,1,2,0,0,1,0
4709,2,0,0,2,2,0,0,1,0
4710,2,0,1,1,2,0,0,1,0
4711,2,0,2,0,2,0,0,1,1
4712,2,1,0,3,2,0,0,1,0
4713,2,1,1,2,2,0,0,1,0
4714,2,1,2,1,2,0,0,1,1
4715,2,1,3,0,2,0,0,1,0
4716,2,2,0,4,2,0,0,1,0
4717,2,2,1,3,2,0,0,1,0
4718,2,2,2,2,2,0,0,1,0
4719,2,2,3,1,2,0,0,1,0
4720,2,2,4,0,2,0,0,1,0
4721,2,3,1,4,2,0,0,1,0
4722,2,3,2,3,2,0,0,1,0
4723,2,3,3,2,2,0,0,1,0
4724,2,3,4,1,2,0,0,1,0
4725,2,4,2,4,2,0,0,1,0
4726,2,4,3,3,2,0,0,1,0
4727,2,4,4,2,2,0,0,1,0
4728,3,0,0,3,2,0,0,1,0
4729,3,0,1,2,2,0,0,1,0
4730,3,0,2,1,2,0,0,1,0
4731,3,0,3,0,2,0,0,1,0
4732,3,1,0,4,2,0,0,1,0
4733,3,1,1,3,2,0,0,1,0
4734,3,1,2,2,2,0,0,1,0
4735,3,1,3,1,2,0,0,1,0
4736,3,1,4,0,2,0,0,1,0
4737,3,2,1,4,2,0,0,1,0
4738,3,2,2,3,2,0,0,1,0
4739,3,2,3,2,2,0,0,1,0
4740,3,2,4,1,2,0,0,1,0
4741,3,3,2,4,2,0,0,1,0
4742,3,3,3,3,2,0,0,1,0
4743,3,3,4,2,2,0,0,1,0
4744,3,4,3,4,2,0,0,1,0
4745,3,4,4,3,2,0,0,1,0
4746,4,0,0,4,2,0,0,1,0
4747,4,0,1,3,2,0,0,1,0
4748,4,0,2,2,2,0,0,1,0
4749,4,0,3,1,2,0,0,1,0
4750,4,0,4,0,2,0,0,1,0
4751,4,1,1,4,2,0,0,1,0
4752,4,1,2,3,2,0,0,1,0
4753,4,1,3,2,2,0,0,1,0
4754,4,1,4,1,2,0,0,1,0
4755,4,2,2,4,2,0,0,1,0
4756,4,2,3,3,2,0,0,1,0
4757,4,2,4,2,2,0,0,1,0
4758,4,3,3,4,2,0,0,1,0
4759,4,3,4,3,2,0,0,1,0
4760,4,4,4,4,2,0,0,1,0
4761,0,0,0,0,2,0,0,2,1
4762,0,1,0,1,2,0,0,2,1
4763,0,1,1,0,2,0,0,2,0
4764,0,2,0,2,2,0,0,2,1
4765,0,2,1,1,2,0,0,2,0
4766,0,2,2,0,2,0,0,2,0
4767,0,3,0,3,2,0,0,2,0
4768,0,3,1,2,2,0,0,2,0
4769,0,3,2,1,2,0,0,2,0
4770,0,3,3,0,2,0,0,2,0
4771,0,4,0,4,2,0,0,2,0
4772,0,4,1,3,2,0,0,2,0
4773,0,4,2,2,2,0,0,2,0
4774,0,4,3,1,2,0,0,2,0
4775,0,4,4,0,2,0,0,2,0
4776,1,0,0,1,2,0,0,2,0
4777,1,0,1,0,2,0,0,2,1
4778,1,1,0,2,2,0,0,2,0
4779,1,1,1,1,2,0,0,2,1
4780,1,1,2,0,2,0,0,2,0
4781,1,2,0,3,2,0,0,2,0
4782,1,2,1,2,2,0,0,2,1
4783,1,2,2,1,2,0,0,2,0
4784,1,2,3,0,2,0,0,2,0
4785,1,3,0,4,2,0,0,2,0
4786,1,3,1,3,2,0,0,2,0
4787,1,3,2,2,2,0,0,2,0
4788,1,3,3,1,2,0,0,2,0
4789,1,3,4,0,2,0,0,2,0
4790,1,4,1,4,2,0,0,2,0
4791,1,4,2,3,2,0,0,2,0
4792,1,4,3,2,2,0,0,2,0
4793,1,4,4,1,2,0,0,2,0
4794,2,0,0,2,2,0,0,2,0
4795,2,0,1,1,2,0,0,2,0
4796,2,0,2,0,2,0,0,2,1
4797,2,1,0,3,2,0,0,2,0
4798,2,1,1,2,2,0,0,2,0
4799,2,1,2,1,2,0,0,2,1
4800,2,1,3,0,2,0,0,2,0
4801,2,2,0,4,2,0,0,2,0
4802,2,2,1,3,2,0,0,2,0
4803,2,2,2,2,2,0,0,2,1
4804,2,2,3,1,2,0,0,2,0
4805,2,2,4,0,2,0,0,2,0
4806,2,3,1,4,2,0,0,2,0
4807,2,3,2,3,2,0,0,2,0
4808,2,3,3,2,2,0,0,2,0
4809,2,3,4,1,2,0,0,2,0
4810,2,4,2,4,2,0,0,2,0
4811,2,4,3,3,2,0,0,2,0
4812,2,4,4,2,2,0,0,2,0
4813,3,0,0,3,2,0,0,2,0
4814,3,0,1,2,2,0,0,2,0
4815,3,0,2,1,2,0,0,2,0
4816,3,0,3,0,2,0,0,2,0
4817,3,1,0,4,2,0,0,2,0
4818,3,1,1,3,2,0,0,2,0
4819,3,1,2,2,2,0,0,2,0
4820,3,1,3,1,2,0,0,2,0
4821,3,1,4,0,2,0,0,2,0
4822,3,2,1,4,2,0,0,2,0
4823,3,2,2,3,2,0,0,2,0
4824,3,2,3,2,2,0,0,2,0
4825,3,2,4,1,2,0,0,2,0
4826,3,3,2,4,2,0,0,2,0
4827,3,3,3,3,2,0,0,2,0
4828,3,3,4,2,2,0,0,2,0
4829,3,4,3,4,2,0,0,2,0
4830,3,4,4,3,2,0,0,2,0
4831,4,0,0,4,2,0,0,2,0
4832,4,0,1,3,2,0,0,2,0
4833,4,0,2,2,2,0,0,2,0
4834,4,0,3,1,2,0,0,2,0
4835,4,0,4,0,2,0,0,2,0
4836,4,1,1,4,2,0,0,2,0
4837,4,1,2,3,2,0,0,2,0
4838,4,1,3,2,2,0,0,2,0
4839,4,1,4,1,2,0,0,2,0
4840,4,2,2,4,2,0,0,2,0
4841,4,2,3,3,2,0,0,2,0
4842,4,2,4,2,2,0,0,2,0
4843,4,3,3,4,2,0,0,2,0
4844,4,3,4,3,2,0,0,2,0
4845,4,4,4,4,2,0,0,2,0
4846,0,0,0,0,2,0,1,0,1
4847,0,1,0,1,2,0,1,0,0
4848,0,1,1,0,2,0,1,0,1
4849,0,2,0,2,2,0,1,0,0
4850,0,2,1,1,2,0,1,0,0
4851,0,2,2,0,2,0,1,0,0
4852,0,3,0,3,2,0,1,0,0
4853,0,3,1,2,2,0,1,0,0
4854,0,3,2,1,2,0,1,0,0
4855,0,3,3,0,2,0,1,0,0
4856,0,4,0,4,2,0,1,0,0
4857,0,4,1,3,2,0,1,0,0
4858,0,4,2,2,2,0,1,0,0
4859,0,4,3,1,2,0,1,0,0
4860,0,4,4,0,2,0,1,0,0
4861,1,0,0,1,2,0,1,0,0
4862,1,0,1,0,2,0,1,0,1
4863,1,1,0,2,2,0,1,0,0
4864,1,1,1,1,2,0,1,0,0
4865,1,1,2,0,2,0,1,0,1
4866,1,2,0,3,2,0,1,0,0
4867,1,2,1,2,2,0,1,0,0
4868,1,2,2,1,2,0,1,0,0
4869,1,2,3,0,2,0,1,0,0
4870,1,3,0,4,2,0,1,0,0
4871,1,3,1,3,2,0,1,0,0
4872,1,3,2,2,2,0,1,0,0
4873,1,3,3,1,2,0,1,0,0
4874,1,3,4,0,2,0,1,0,0
4875,1,4,1,4,2,0,1,0,0
4876,1,4,2,3,2,0,1,0,0
4877,1,4,3,2,2,0,1,0,0
4878,1,4,4,1,2,0,1,0,0
4879,2,0,0,2,2,0,1,0,0
4880,2,0,1,1,2,0,1,0,0
4881,2,0,2,0,2,0,1,0,1
4882,2,1,0,3,2,0,1,0,0
4883,2,1,1,2,2,0,1,0,0
4884,2,1,2,1,2,0,1,0,0
4885,2,1,3,0,2,0,1,0,1
4886,2,2,0,4,2,0,1,0,0
4887,2,2,1,3,2,0,1,0,0
4888,2,2,2,2,2,0,1,0,0
4889,2,2,3,1,2,0,1,0,0
4890,2,2,4,0,2,0,1,0,0
4891,2,3,1,4,2,0,1,0,0
4892,2,3,2,3,2,0,1,0,0
4893,2,3,3,2,2,0,1,0,0
4894,2,3,4,1,2,0,1,0,0
4895,2,4,2,4,2,0,1,0,0
4896,2,4,3,3,2,0,1,0,0
4897,2,4,4,2,2,0,1,0,0
4898,3,0,0,3,2,0,1,0,0
4899,3,0,1,2,2,0,1,0,0
4900,3,0,2,1,2,0,1,0,0
4901,3,0,3,0,2,0,1,0,0
4902,3,1,0,4,2,0,1,0,0
4903,3,1,1,3,2,0,1,0,0
4904,3,1,2,2,2,0,1,0,0
4905,3,1,3,1,2,0,1,0,0
4906,3,1,4,0,2,0,1,0,0
4907,3,2,1,4,2,0,1,0,0
4908,3,2,2,3,2,0,1,0,0
4909,3,2,3,2,2,0,1,0,0
4910,3,2,4,1,2,0,1,0,0
4911,3,3,2,4,2,0,1,0,0
4912,3,3,3,3,2,0,1,0,0
4913,3,3,4,2,2,0,1,0,0
4914,3,4,3,4,2,0,1,0,0
4915,3,4,4,3,2,0,1,0,0
4916,4,0,0,4,2,0,1,0,0
4917,4,0,1,3,2,0,1,0,0
4918,4,0,2,2,2,0,1,0,0
4919,4,0,3,1,2,0,1,0,0
4920,4,0,4,0,2,0,1,0,0
4921,4,1,1,4,2,0,1,0,0
4922,4,1,2,3,2,0,1,0,0
4923,4,1,3,2,2,0,1,0,0
4924,4,1,4,1,2,0,1,0,0
4925,4,2,2,4,2,0,1,0,0
4926,4,2,3,3,2,0,1,0,0
4927,4,2,4,2,2,0,1,0,0
4928,4,3,3,4,2,0,1,0,0
4929,4,3,4,3,2,0,1,0,0
4930,4,4,4,4,2,0,1,0,0
4931,0,0,0,0,2,0,1,1,1
4932,0,1,0,1,2,0,1,1,1
4933,0,1,1,0,2,0,1,1,1
4934,0,2,0,2,2,0,1,1,0
4935,0,2,1,1,2,0,1,1,1
4936,0,2,2,0,2,0,1,1,0
4937,0,3,0,3,2,0,1,1,0
4938,0,3,1,2,2,0,1,1,0
4939,0,3,2,1,2,0,1,1,0
4940,0,3,3,0,2,0,1,1,0
4941,0,4,0,4,2,0,1,1,0
4942,0,4,1,3,2,0,1,1,0
4943,0,4,2,2,2,0,1,1,0
4944,0,4,3,1,2,0,1,1,0
4945,0,4,4,0,2,0,1,1,0
4946,1,0,0,1,2,0,1,1,0
4947,1,0,1,0,2,0,1,1,1
4948,1,1,0,2,2,0,1,1,0
4949,1,1,1,1,2,0,1,1,1
4950,1,1,2,0,2,0,1,1,1
4951,1,2,0,3,2,0,1,1,0
4952,1,2,1,2,2,0,1,1,0
4953,1,2,2,1,2,0,1,1,1
4954,1,2,3,0,2,0,1,1,0
4955,1,3,0,4,2,0,1,1,0
4956,1,3,1,3,2,0,1,1,0
4957,1,3,2,2,2,0,1,1,0
4958,1,3,3,1,2,0,1,1,0
4959,1,3,4,0,2,0,1,1,0
4960,1,4,1,4,2,0,1,1,0
4961,1,4,2,3,2,0,1,1,0
4962,1,4,3,2,2,0,1,1,0
4963,1,4,4,1,2,0,1,1,0
4964,2,0,0,2,2,0,1,1,0
4965,2,0,1,1,2,0,1,1,0
4966,2,0,2,0,2,0,1,1,1
4967,2,1,0,3,2,0,1,1,0
4968,2,1,1,2,2,0,1,1,0
4969,2,1,2,1,2,0,1,1,1
4970,2,1,3,0,2,0,1,1,1
4971,2,2,0,4,2,0,1,1,0
4972,2,2,1,3,2,0,1,1,0
4973,2,2,2,2,2,0,1,1,0
4974,2,2,3,1,2,0,1,1,1
4975,2,2,4,0,2,0,1,1,0
4976,2,3,1,4,2,0,1,1,0
4977,2,3,2,3,2,0,1,1,0
4978,2,3,3,2,2,0,1,1,0
4979,2,3,4,1,2,0,1,1,0
4980,2,4,2,4,2,0,1,1,0
4981,2,4,3,3,2,0,1,1,0
4982,2,4,4,2,2,0,1,1,0
4983,3,0,0,3,2,0,1,1,0
4984,3,0,1,2,2,0,1,1,0
4985,3,0,2,1,2,0,1,1,0
4986,3,0,3,0,2,0,1,1,0
4987,3,1,0,4,2,0,1,1,0
4988,3,1,1,3,2,0,1,1,0
4989,3,1,2,2,2,0,1,1,0
4990,3,1,3,1,2,0,1,1,0
4991,3,1,4,0,2,0,1,1,0
4992,3,2,1,4,2,0,1,1,0
4993,3,2,2,3,2,0,1,1,0
4994,3,2,3,2,2,0,1,1,0
4995,3,2,4,1,2,0,1,1,0
4996,3,3,2,4,2,0,1,1,0
4997,3,3,3,3,2,0,1,1,0
4998,3,3,4,2,2,0,1,1,0
4999,3,4,3,4,2,0,1,1,0
5000,3,4,4,3,2,0,1,1,0
5001,4,0,0,4,2,0,1,1,0
5002,4,0,1,3,2,0,1,1,0
5003,4,0,2,2,2,0,1,1,0
5004,4,0,3,1,2,0,1,1,0
5005,4,0,4,0,2,0,1,1,0
5006,4,1,1,4,2,0,1,1,0
5007,4,1,2,3,2,0,1,1,0
5008,4,1,3,2,2,0,1,1,0
5009,4,1,4,1,2,0,1,1,0
5010,4,2,2,4,2,0,1,1,0
5011,4,2,3,3,2,0,1,1,0
5012,4,2,4,2,2,0,1,1,0
5013,4,3,3,4,2,0,1,1,0
5014,4,3,4,3,2,0,1,1,0
5015,4,4,4,4,2,0,1,1,0
5016,0,0,0,0,2,0,1,2,1
5017,0,1,0,1,2,0,1,2,1
5018,0,1,1,0,2,0,1,2,1
5019,0,2,0,2,2,0,1,2,1
5020,0,2,1,1,2,0,1,2,1
5021,0,2,2,0,2,0,1,2,0
5022,0,3,0,3,2,0,1,2,0
5023,0,3,1,2,2,0,1,2,1
5024,0,3,2,1,2,0,1,2,0
5025,0,3,3,0,2,0,1,2,0
5026,0,4,0,4,2,0,1,2,0
5027,0,4,1,3,2,0,1,2,0
5028,0,4,2,2,2,0,1,2,0
5029,0,4,3,1,2,0,1,2,0
5030,0,4,4,0,2,0,1,2,0
5031,1,0,0,1,2,0,1,2,0
5032,1,0,1,0,2,0,1,2,1
5033,1,1,0,2,2,0,1,2,0
5034,1,1,1,1,2,0,1,2,1
5035,1,1,2,0,2,0,1,2,1
5036,1,2,0,3,2,0,1,2,0
5037,1,2,1,2,2,0,1,2,1
5038,1,2,2,1,2,0,1,2,1
5039,1,2,3,0,2,0,1,2,0
5040,1,3,0,4,2,0,1,2,0
5041,1,3,1,3,2,0,1,2,0
5042,1,3,2,2,2,0,1,2,1
5043,1,3,3,1,2,0,1,2,0
5044,1,3,4,0,2,0,1,2,0
5045,1,4,1,4,2,0,1,2,0
5046,1,4,2,3,2,0,1,2,0
5047,1,4,3,2,2,0,1,2,0
5048,1,4,4,1,2,0,1,2,0
5049,2,0,0,2,2,0,1,2,0
5050,2,0,1,1,2,0,1,2,0
5051,2,0,2,0,2,0,1,2,1
5052,2,1,0,3,2,0,1,2,0
5053,2,1,1,2,2,0,1,2,0
5054,2,1,2,1,2,0,1,2,1
5055,2,1,3,0,2,0,1,2,1
5056,2,2,0,4,2,0,1,2,0
5057,2,2,1,3,2,0,1,2,0
5058,2,2,2,2,2,0,1,2,1
5059,2,2,3,1,2,0,1,2,1
5060,2,2,4,0,2,0,1,2,0
5061,2,3,1,4,2,0,1,2,0
5062,2,3,2,3,2,0,1,2,0
5063,2,3,3,2,2,0,1,2,1
5064,2,3,4,1,2,0,1,2,0
5065,2,4,2,4,2,0,1,2,0
5066,2,4,3,3,2,0,1,2,0
5067,2,4,4,2,2,0,1,2,0
5068,3,0,0,3,2,0,1,2,0
5069,3,0,1,2,2,0,1,2,0
5070,3,0,2,1,2,0,1,2,0
5071,3,0,3,0,2,0,1,2,0
5072,3,1,0,4,2,0,1,2,0
5073,3,1,1,3,2,0,1,2,0
5074,3,1,2,2,2,0,1,2,0
5075,3,1,3,1,2,0,1,2,0
5076,3,1,4,0,2,0,1,2,0
5077,3,2,1,4,2,0,1,2,0
5078,3,2,2,3,2,0,1,2,0
5079,3,2,3,2,2,0,1,2,0
5080,3,2,4,1,2,0,1,2,0
5081,3,3,2,4,2,0,1,2,0
5082,3,3,3,3,2,0,1,2,0
5083,3,3,4,2,2,0,1,2,0
5084,3,4,3,4,2,0,1,2,0
5085,3,4,4,3,2,0,1,2,0
5086,4,0,0,4,2,0,1,2,0
5087,4,0,1,3,2,0,1,2,0
5088,4,0,2,2,2,0,1,2,0
5089,4,0,3,1,2,0,1,2,0
5090,4,0,4,0,2,0,1,2,0
5091,4,1,1,4,2,0,1,2,0
5092,4,1,2,3,2,0,1,2,0
5093,4,1,3,2,2,0,1,2,0
5094,4,1,4,1,2,0,1,2,0
5095,4,2,2,4,2,0,1,2,0
5096,4,2,3,3,2,0,1,2,0
5097,4,2,4,2,2,0,1,2,0
5098,4,3,3,4,2,0,1,2,0
5099,4,3,4,3,2,0,1,2,0
5100,4,4,4,4,2,0,1,2,0
5101,0,0,0,0,2,0,2,0,1
5102,0,1,0,1,2,0,2,0,0
5103,0,1,1,0,2,0,2,0,1
5104,0,2,0,2,2,0,2,0,0
5105,0,2,1,1,2,0,2,0,0
5106,0,2,2,0,2,0,2,0,1
5107,0,3,0,3,2,0,2,0,0
5108,0,3,1,2,2,0,2,0,0
5109,0,3,2,1,2,0,2,0,0
5110,0,3,3,0,2,0,2,0,0
5111,0,4,0,4,2,0,2,0,0
5112,0,4,1,3,2,0,2,0,0
5113,0,4,2,2,2,0,2,0,0
5114,0,4,3,1,2,0,2,0,0
5115,0,4,4,0,2,0,2,0,0
5116,1,0,0,1,2,0,2,0,0
5117,1,0,1,0,2,0,2,0,1
5118,1,1,0,2,2,0,2,0,0
5119,1,1,1,1,2,0,2,0,0
5120,1,1,2,0,2,0,2,0,1
5121,1,2,0,3,2,0,2,0,0
5122,1,2,1,2,2,0,2,0,0
5123,1,2,2,1,2,0,2,0,0
5124,1,2,3,0,2,0,2,0,1
5125,1,3,0,4,2,0,2,0,0
5126,1,3,1,3,2,0,2,0,0
5127,1,3,2,2,2,0,2,0,0
5128,1,3,3,1,2,0,2,0,0
5129,1,3,4,0,2,0,2,0,0
5130,1,4,1,4,2,0,2,0,0
5131,1,4,2,3,2,0,2,0,0
5132,1,4,3,2,2,0,2,0,0
5133,1,4,4,1,2,0,2,0,0
5134,2,0,0,2,2,0,2,0,0
5135,2,0,1,1,2,0,2,0,0
5136,2,0,2,0,2,0,2,0,1
5137,2,1,0,3,2,0,2,0,0
5138,2,1,1,2,2,0,2,0,0
5139,2,1,2,1,2,0,2,0,0
5140,2,1,3,0,2,0,2,0,1
5141,2,2,0,4,2,0,2,0,0
5142,2,2,1,3,2,0,2,0,0
5143,2,2,2,2,2,0,2,0,0
5144,2,2,3,1,2,0,2,0,0
5145,2,2,4,0,2,0,2,0,1
5146,2,3,1,4,2,0,2,0,0
5147,2,3,2,3,2,0,2,0,0
5148,2,3,3,2,2,0,2,0,0
5149,2,3,4,1,2,0,2,0,0
5150,2,4,2,4,2,0,2,0,0
5151,2,4,3,3,2,0,2,0,0
5152,2,4,4,2,2,0,2,0,0
5153,3,0,0,3,2,0,2,0,0
5154,3,0,1,2,2,0,2,0,0
5155,3,0,2,1,2,0,2,0,0
5156,3,0,3,0,2,0,2,0,0
5157,3,1,0,4,2,0,2,0,0
5158,3,1,1,3,2,0,2,0,0
5159,3,1,2,2,2,0,2,0,0
5160,3,1,3,1,2,0,2,0,0
5161,3,1,4,0,2,0,2,0,0
5162,3,2,1,4,2,0,2,0,0
5163,3,2,2,3,2,0,2,0,0
5164,3,2,3,2,2,0,2,0,0
5165,3,2,4,1,2,0,2,0,0
5166,3,3,2,4,2,0,2,0,0
5167,3,3,3,3,2,0,2,0,0
5168,3,3,4,2,2,0,2,0,0
5169,3,4,3,4,2,0,2,0,0
5170,3,4,4,3,2,0,2,0,0
5171,4,0,0,4,2,0,2,0,0
5172,4,0,1,3,2,0,2,0,0
5173,4,0,2,2,2,0,2,0,0
5174,4,0,3,1,2,0,2,0,0
5175,4,0,4,0,2,0,2,0,0
5176,4,1,1,4,2,0,2,0,0
5177,4,1,2,3,2,0,2,0,0
5178,4,1,3,2,2,0,2,0,0
5179,4,1,4,1,2,0,2,0,0
5180,4,2,2,4,2,0,2,0,0
5181,4,2,3,3,2,0,2,0,0
5182,4,2,4,2,2,0,2,0,0
5183,4,3,3,4,2,0,2,0,0
5184,4,3,4,3,2,0,2,0,0
5185,4,4,4,4,2,0,2,0,0
5186,0,0,0,0,2,0,2,1,1
5187,0,1,0,1,2,0,2,1,1
5188,0,1,1,0,2,0,2,1,1
5189,0,2,0,2,2,0,2,1,0
5190,0,2,1,1,2,0,2,1,1
5191,0,2,2,0,2,0,2,1,1
5192,0,3,0,3,2,0,2,1,0
5193,0,3,1,2,2,0,2,1,0
5194,0,3,2,1,2,0,2,1,1
5195,0,3,3,0,2,0,2,1,0
5196,0,4,0,4,2,0,2,1,0
5197,0,4,1,3,2,0,2,1,0
5198,0,4,2,2,2,0,2,1,0
5199,0,4,3,1,2,0,2,1,0
5200,0,4,4,0,2,0,2,1,0
5201,1,0,0,1,2,0,2,1,0
5202,1,0,1,0,2,0,2,1,1
5203,1,1,0,2,2,0,2,1,0
5204,1,1,1,1,2,0,2,1,1
5205,1,1,2,0,2,0,2,1,1
5206,1,2,0,3,2,0,2,1,0
5207,1,2,1,2,2,0,2,1,0
5208,1,2,2,1,2,0,2,1,1
5209,1,2,3,0,2,0,2,1,1
5210,1,3,0,4,2,0,2,1,0
5211,1,3,1,3,2,0,2,1,0
5212,1,3,2,2,2,0,2,1,0
5213,1,3,3,1,2,0,2,1,1
5214,1,3,4,0,2,0,2,1,0
5215,1,4,1,4,2,0,2,1,0
5216,1,4,2,3,2,0,2,1,0
5217,1,4,3,2,2,0,2,1,0
5218,1,4,4,1,2,0,2,1,0
5219,2,0,0,2,2,0,2,1,0
5220,2,0,1,1,2,0,2,1,0
5221,2,0,2,0,2,0,2,1,1
5222,2,1,0,3,2,0,2,1,0
5223,2,1,1,2,2,0,2,1,0
5224,2,1,2,1,2,0,2,1,1
5225,2,1,3,0,2,0,2,1,1
5226,2,2,0,4,2,0,2,1,0
5227,2,2,1,3,2,0,2,1,0
5228,2,2,2,2,2,0,2,1,0
5229,2,2,3,1,2,0,2,1,1
5230,2,2,4,0,2,0,2,1,1
5231,2,3,1,4,2,0,2,1,0
5232,2,3,2,3,2,0,2,1,0
5233,2,3,3,2,2,0,2,1,0
5234,2,3,4,1,2,0,2,1,1
5235,2,4,2,4,2,0,2,1,0
5236,2,4,3,3,2,0,2,1,0
5237,2,4,4,2,2,0,2,1,0
5238,3,0,0,3,2,0,2,1,0
5239,3,0,1,2,2,0,2,1,0
5240,3,0,2,1,2,0,2,1,0
5241,3,0,3,0,2,0,2,1,0
5242,3,1,0,4,2,0,2,1,0
5243,3,1,1,3,2,0,2,1,0
5244,3,1,2,2,2,0,2,1,0
5245,3,1,3,1,2,0,2,1,0
5246,3,1,4,0,2,0,2,1,0
5247,3,2,1,4,2,0,2,1,0
5248,3,2,2,3,2,0,2,1,0
5249,3,2,3,2,2,0,2,1,0
5250,3,2,4,1,2,0,2,1,0
5251,3,3,2,4,2,0,2,1,0
5252,3,3,3,3,2,0,2,1,0
5253,3,3,4,2,2,0,2,1,0
5254,3,4,3,4,2,0,2,1,0
5255,3,4,4,3,2,0,2,1,0
5256,4,0,0,4,2,0,2,1,0
5257,4,0,1,3,2,0,2,1,0
5258,4,0,2,2,2,0,2,1,0
5259,4,0,3,1,2,0,2,1,0
5260,4,0,4,0,2,0,2,1,0
5261,4,1,1,4,2,0,2,1,0
5262,4,1,2,3,2,0,2,1,0
5263,4,1,3,2,2,0,2,1,0
5264,4,1,4,1,2,0,2,1,0
5265,4,2,2,4,2,0,2,1,0
5266,4,2,3,3,2,0,2,1,0
5267,4,2,4,2,2,0,2,1,0
5268,4,3,3,4,2,0,2,1,0
5269,4,3,4,3,2,0,2,1,0
5270,4,4,4,4,2,0,2,1,0
5271,0,0,0,0,2,0,2,2,1
5272,0,1,0,1,2,0,2,2,1
5273,0,1,1,0,2,0,2,2,1
5274,0,2,0,2,2,0,2,2,1
5275,0,2,1,1,2,0,2,2,1
5276,0,2,2,0,2,0,2,2,1
5277,0,3,0,3,2,0,2,2,0
5278,0,3,1,2,2,0,2,2,1
5279,0,3,2,1,2,0,2,2,1
5280,0,3,3,0,2,0,2,2,0
5281,0,4,0,4,2,0,2,2,0
5282,0,4,1,3,2,0,2,2,0
5283,0,4,2,2,2,0,2,2,1
5284,0,4,3,1,2,0,2,2,0
5285,0,4,4,0,2,0,2,2,0
5286,1,0,0,1,2,0,2,2,0
5287,1,0,1,0,2,0,2,2,1
5288,1,1,0,2,2,0,2,2,0
5289,1,1,1,1,2,0,2,2,1
5290,1,1,2,0,2,0,2,2,1
5291,1,2,0,3,2,0,2,2,0
5292,1,2,1,2,2,0,2,2,1
5293,1,2,2,1,2,0,2,2,1
5294,1,2,3,0,2,0,2,2,1
5295,1,3,0,4,2,0,2,2,0
5296,1,3,1,3,2,0,2,2,0
5297,1,3,2,2,2,0,2,2,1
5298,1,3,3,1,2,0,2,2,1
5299,1,3,4,0,2,0,2,2,0
5300,1,4,1,4,2,0,2,2,0
5301,1,4,2,3,2,0,2,2,0
5302,1,4,3,2,2,0,2,2,1
5303,1,4,4,1,2,0,2,2,0
5304,2,0,0,2,2,0,2,2,0
5305,2,0,1,1,2,0,2,2,0
5306,2,0,2,0,2,0,2,2,1
5307,2,1,0,3,2,0,2,2,0
5308,2,1,1,2,2,0,2,2,0
5309,2,1,2,1,2,0,2,2,1
5310,2,1,3,0,2,0,2,2,1
5311,2,2,0,4,2,0,2,2,0
5312,2,2,1,3,2,0,2,2,0
5313,2,2,2,2,2,0,2,2,1
5314,2,2,3,1,2,0,2,2,1
5315,2,2,4,0,2,0,2,2,1
5316,2,3,1,4,2,0,2,2,0
5317,2,3,2,3,2,0,2,2,0
5318,2,3,3,2,2,0,2,2,1
5319,2,3,4,1,2,0,2,2,1
5320,2,4,2,4,2,0,2,2,0
5321,2,4,3,3,2,0,2,2,0
5322,2,4,4,2,2,0,2,2,1
5323,3,0,0,3,2,0,2,2,0
5324,3,0,1,2,2,0,2,2,0
5325,3,0,2,1,2,0,2,2,0
5326,3,0,3,0,2,0,2,2,0
5327,3,1,0,4,2,0,2,2,0
5328,3,1,1,3,2,0,2,2,0
5329,3,1,2,2,2,0,2,2,0
5330,3,1,3,1,2,0,2,2,0
5331,3,1,4,0,2,0,2,2,0
5332,3,2,1,4,2,0,2,2,0
5333,3,2,2,3,2,0,2,2,0
5334,3,2,3,2,2,0,2,2,0
5335,3,2,4,1,2,0,2,2,0
5336,3,3,2,4,2,0,2,2,0
5337,3,3,3,3,2,0,2,2,0
5338,3,3,4,2,2,0,2,2,0
5339,3,4,3,4,2,0,2,2,0
5340,3,4,4,3,2,0,2,2,0
5341,4,0,0,4,2,0,2,2,0
5342,4,0,1,3,2,0,2,2,0
5343,4,0,2,2,2,0,2,2,0
5344,4,0,3,1,2,0,2,2,0
5345,4,0,4,0,2,0,2,2,0
5346,4,1,1,4,2,0,2,2,0
5347,4,1,2,3,2,0,2,2,0
5348,4,1,3,2,2,0,2,2,0
5349,4,1,4,1,2,0,2,2,0
5350,4,2,2,4,2,0,2,2,0
5351,4,2,3,3,2,0,2,2,0
5352,4,2,4,2,2,0,2,2,0
5353,4,3,3,4,2,0,2,2,0
5354,4,3,4,3,2,0,2,2,0
5355,4,4,4,4,2,0,2,2,0
5356,0,0,0,0,2,1,0,0,1
5357,0,1,0,1,2,1,0,0,0
5358,0,1,1,0,2,1,0,0,0
5359,0,2,0,2,2,1,0,0,0
5360,0,2,1,1,2,1,0,0,0
5361,0,2,2,0,2,1,0,0,0
5362,0,3,0,3,2,1,0,0,0
5363,0,3,1,2,2,1,0,0,0
5364,0,3,2,1,2,1,0,0,0
5365,0,3,3,0,2,1,0,0,0
5366,0,4,0,4,2,1,0,0,0
5367,0,4,1,3,2,1,0,0,0
5368,0,4,2,2,2,1,0,0,0
5369,0,4,3,1,2,1,0,0,0
5370,0,4,4,0,2,1,0,0,0
5371,1,0,0,1,2,1,0,0,1
5372,1,0,1,0,2,1,0,0,1
5373,1,1,0,2,2,1,0,0,0
5374,1,1,1,1,2,1,0,0,0
5375,1,1,2,0,2,1,0,0,0
5376,1,2,0,3,2,1,0,0,0
5377,1,2,1,2,2,1,0,0,0
5378,1,2,2,1,2,1,0,0,0
5379,1,2,3,0,2,1,0,0,0
5380,1,3,0,4,2,1,0,0,0
5381,1,3,1,3,2,1,0,0,0
5382,1,3,2,2,2,1,0,0,0
5383,1,3,3,1,2,1,0,0,0
5384,1,3,4,0,2,1,0,0,0
5385,1,4,1,4,2,1,0,0,0
5386,1,4,2,3,2,1,0,0,0
5387,1,4,3,2,2,1,0,0,0
5388,1,4,4,1,2,1,0,0,0
5389,2,0,0,2,2,1,0,0,0
5390,2,0,1,1,2,1,0,0,1
5391,2,0,2,0,2,1,0,0,1
5392,2,1,0,3,2,1,0,0,0
5393,2,1,1,2,2,1,0,0,0
5394,2,1,2,1,2,1,0,0,0
5395,2,1,3,0,2,1,0,0,0
5396,2,2,0,4,2,1,0,0,0
5397,2,2,1,3,2,1,0,0,0
5398,2,2,2,2,2,1,0,0,0
5399,2,2,3,1,2,1,0,0,0
5400,2,2,4,0,2,1,0,0,0
5401,2,3,1,4,2,1,0,0,0
5402,2,3,2,3,2,1,0,0,0
5403,2,3,3,2,2,1,0,0,0
5404,2,3,4,1,2,1,0,0,0
5405,2,4,2,4,2,1,0,0,0
5406,2,4,3,3,2,1,0,0,0
5407,2,4,4,2,2,1,0,0,0
5408,3,0,0,3,2,1,0,0,0
5409,3,0,1,2,2,1,0,0,0
5410,3,0,2,1,2,1,0,0,1
5411,3,0,3,0,2,1,0,0,0
5412,3,1,0,4,2,1,0,0,0
5413,3,1,1,3,2,1,0,0,0
5414,3,1,2,2,2,1,0,0,0
5415,3,1,3,1,2,1,0,0,0
5416,3,1,4,0,2,1,0,0,0
5417,3,2,1,4,2,1,0,0,0
5418,3,2,2,3,2,1,0,0,0
5419,3,2,3,2,2,1,0,0,0
5420,3,2,4,1,2,1,0,0,0
5421,3,3,2,4,2,1,0,0,0
5422,3,3,3,3,2,1,0,0,0
5423,3,3,4,2,2,1,0,0,0
5424,3,4,3,4,2,1,0,0,0
5425,3,4,4,3,2,1,0,0,0
5426,4,0,0,4,2,1,0,0,0
5427,4,0,1,3,2,1,0,0,0
5428,4,0,2,2,2,1,0,0,0
5429,4,0,3,1,2,1,0,0,0
5430,4,0,4,0,2,1,0,0,0
5431,4,1,1,4,2,1,0,0,0
5432,4,1,2,3,2,1,0,0,0
5433,4,1,3,2,2,1,0,0,0
5434,4,1,4,1,2,1,0,0,0
5435,4,2,2,4,2,1,0,0,0
5436,4,2,3,3,2,1,0,0,0
5437,4,2,4,2,2,1,0,0,0
5438,4,3,3,4,2,1,0,0,0
5439,4,3,4,3,2,1,0,0,0
5440,4,4,4,4,2,1,0,0,0
5441,0,0,0,0,2,1,0,1,1
5442,0,1,0,1,2,1,0,1,1
5443,0,1,1,0,2,1,0,1,0
5444,0,2,0,2,2,1,0,1,0
5445,0,2,1,1,2,1,0,1,0
5446,0,2,2,0,2,1,0,1,0
5447,0,3,0,3,2,1,0,1,0
5448,0,3,1,2,2,1,0,1,0
5449,0,3,2,1,2,1,0,1,0
5450,0,3,3,0,2,1,0,1,0
5451,0,4,0,4,2,1,0,1,0
5452,0,4,1,3,2,1,0,1,0
5453,0,4,2,2,2,1,0,1,0
5454,0,4,3,1,2,1,0,1,0
5455,0,4,4,0,2,1,0,1,0
5456,1,0,0,1,2,1,0,1,1
5457,1,0,1,0,2,1,0,1,1
5458,1,1,0,2,2,1,0,1,1
5459,1,1,1,1,2,1,0,1,1
5460,1,1,2,0,2,1,0,1,0
5461,1,2,0,3,2,1,0,1,0
5462,1,2,1,2,2,1,0,1,0
5463,1,2,2,1,2,1,0,1,0
5464,1,2,3,0,2,1,0,1,0
5465,1,3,0,4,2,1,0,1,0
5466,1,3,1,3,2,1,0,1,0
5467,1,3,2,2,2,1,0,1,0
5468,1,3,3,1,2,1,0,1,0
5469,1,3,4,0,2,1,0,1,0
5470,1,4,1,4,2,1,0,1,0
5471,1,4,2,3,2,1,0,1,0
5472,1,4,3,2,2,1,0,1,0
5473,1,4,4,1,2,1,0,1,0
5474,2,0,0,2,2,1,0,1,0
5475,2,0,1,1,2,1,0,1,1
5476,2,0,2,0,2,1,0,1,1
5477,2,1,0,3,2,1,0,1,0
5478,2,1,1,2,2,1,0,1,1
5479,2,1,2,1,2,1,0,1,1
5480,2,1,3,0,2,1,0,1,0
5481,2,2,0,4,2,1,0,1,0
5482,2,2,1,3,2,1,0,1,0
5483,2,2,2,2,2,1,0,1,0
5484,2,2,3,1,2,1,0,1,0
5485,2,2,4,0,2,1,0,1,0
5486,2,3,1,4,2,1,0,1,0
5487,2,3,2,3,2,1,0,1,0
5488,2,3,3,2,2,1,0,1,0
5489,2,3,4,1,2,1,0,1,0
5490,2,4,2,4,2,1,0,1,0
5491,2,4,3,3,2,1,0,1,0
5492,2,4,4,2,2,1,0,1,0
5493,3,0,0,3,2,1,0,1,0
5494,3,0,1,2,2,1,0,1,0
5495,3,0,2,1,2,1,0,1,1
5496,3,0,3,0,2,1,0,1,0
5497,3,1,0,4,2,1,0,1,0
5498,3,1,1,3,2,1,0,1,0
5499,3,1,2,2,2,1,0,1,1
5500,3,1,3,1,2,1,0,1,0
5501,3,1,4,0,2,1,0,1,0
5502,3,2,1,4,2,1,0,1,0
5503,3,2,2,3,2,1,0,1,0
5504,3,2,3,2,2,1,0,1,0
5505,3,2,4,1,2,1,0,1,0
5506,3,3,2,4,2,1,0,1,0
5507,3,3,3,3,2,1,0,1,0
5508,3,3,4,2,2,1,0,1,0
5509,3,4,3,4,2,1,0,1,0
5510,3,4,4,3,2,1,0,1,0
5511,4,0,0,4,2,1,0,1,0
5512,4,0,1,3,2,1,0,1,0
5513,4,0,2,2,2,1,0,1,0
5514,4,0,3,1,2,1,0,1,0
5515,4,0,4,0,2,1,0,1,0
5516,4,1,1,4,2,1,0,1,0
5517,4,1,2,3,2,1,0,1,0
5518,4,1,3,2,2,1,0,1,0
5519,4,1,4,1,2,1,0,1,0
5520,4,2,2,4,2,1,0,1,0
5521,4,2,3,3,2,1,0,1,0
5522,4,2,4,2,2,1,0,1,0
5523,4,3,3,4,2,1,0,1,0
5524,4,3,4,3,2,1,0,1,0
5525,4,4,4,4,2,1,0,1,0
5526,0,0,0,0,2,1,0,2,1
5527,0,1,0,1,2,1,0,2,1
5528,0,1,1,0,2,1,0,2,0
5529,0,2,0,2,2,1,0,2,1
5530,0,2,1,1,2,1,0,2,0
5531,0,2,2,0,2,1,0,2,0
5532,0,3,0,3,2,1,0,2,0
5533,0,3,1,2,2,1,0,2,0
5534,0,3,2,1,2,1,0,2,0
5535,0,3,3,0,2,1,0,2,0
5536,0,4,0,4,2,1,0,2,0
5537,0,4,1,3,2,1,0,2,0
5538,0,4,2,2,2,1,0,2,0
5539,0,4,3,1,2,1,0,2,0
5540,0,4,4,0,2,1,0,2,0
5541,1,0,0,1,2,1,0,2,1
5542,1,0,1,0,2,1,0,2,1
5543,1,1,0,2,2,1,0,2,1
5544,1,1,1,1,2,1,0,2,1
5545,1,1,2,0,2,1,0,2,0
5546,1,2,0,3,2,1,0,2,1
5547,1,2,1,2,2,1,0,2,1
5548,1,2,2,1,2,1,0,2,0
5549,1,2,3,0,2,1,0,2,0
5550,1,3,0,4,2,1,0,2,0
5551,1,3,1,3,2,1,0,2,0
5552,1,3,2,2,2,1,0,2,0
5553,1,3,3,1,2,1,0,2,0
5554,1,3,4,0,2,1,0,2,0
5555,1,4,1,4,2,1,0,2,0
5556,1,4,2,3,2,1,0,2,0
5557,1,4,3,2,2,1,0,2,0
5558,1,4,4,1,2,1,0,2,0
5559,2,0,0,2,2,1,0,2,0
5560,2,0,1,1,2,1,0,2,1
5561,2,0,2,0,2,1,0,2,1
5562,2,1,0,3,2,1,0,2,0
5563,2,1,1,2,2,1,0,2,1
5564,2,1,2,1,2,1,0,2,1
5565,2,1,3,0,2,1,0,2,0
5566,2,2,0,4,2,1,0,2,0
5567,2,2,1,3,2,1,0,2,1
5568,2,2,2,2,2,1,0,2,1
5569,2,2,3,1,2,1,0,2,0
5570,2,2,4,0,2,1,0,2,0
5571,2,3,1,4,2,1,0,2,0
5572,2,3,2,3,2,1,0,2,0
5573,2,3,3,2,2,1,0,2,0
5574,2,3,4,1,2,1,0,2,0
5575,2,4,2,4,2,1,0,2,0
5576,2,4,3,3,2,1,0,2,0
5577,2,4,4,2,2,1,0,2,0
5578,3,0,0,3,2,1,0,2,0
5579,3,0,1,2,2,1,0,2,0
5580,3,0,2,1,2,1,0,2,1
5581,3,0,3,0,2,1,0,2,0
5582,3,1,0,4,2,1,0,2,0
5583,3,1,1,3,2,1,0,2,0
5584,3,1,2,2,2,1,0,2,1
5585,3,1,3,1,2,1,0,2,0
5586,3,1,4,0,2,1,0,2,0
5587,3,2,1,4,2,1,0,2,0
5588,3,2,2,3,2,1,0,2,1
5589,3,2,3,2,2,1,0,2,0
5590,3,2,4,1,2,1,0,2,0
5591,3,3,2,4,2,1,0,2,0
5592,3,3,3,3,2,1,0,2,0
5593,3,3,4,2,2,1,0,2,0
5594,3,4,3,4,2,1,0,2,0
5595,3,4,4,3,2,1,0,2,0
5596,4,0,0,4,2,1,0,2,0
5597,4,0,1,3,2,1,0,2,0
5598,4,0,2,2,2,1,0,2,0
5599,4,0,3,1,2,1,0,2,0
5600,4,0,4,0,2,1,0,2,0
5601,4,1,1,4,2,1,0,2,0
5602,4,1,2,3,2,1,0,2,0
5603,4,1,3,2,2,1,0,2,0
5604,4,1,4,1,2,1,0,2,0
5605,4,2,2,4,2,1,0,2,0
5606,4,2,3,3,2,1,0,2,0
5607,4,2,4,2,2,1,0,2,0
5608,4,3,3,4,2,1,0,2,0
5609,4,3,4,3,2,1,0,2,0
5610,4,4,4,4,2,1,0,2,0
5611,0,0,0,0,2,1,1,0,1
5612,0,1,0,1,2,1,1,0,0
5613,0,1,1,0,2,1,1,0,1
5614,0,2,0,2,2,1,1,0,0
5615,0,2,1,1,2,1,1,0,0
5616,0,2,2,0,2,1,1,0,0
5617,0,3,0,3,2,1,1,0,0
5618,0,3,1,2,2,1,1,0,0
5619,0,3,2,1,2,1,1,0,0
5620,0,3,3,0,2,1,1,0,0
5621,0,4,0,4,2,1,1,0,0
5622,0,4,1,3,2,1,1,0,0
5623,0,4,2,2,2,1,1,0,0
5624,0,4,3,1,2,1,1,0,0
5625,0,4,4,0,2,1,1,0,0
5626,1,0,0,1,2,1,1,0,1
5627,1,0,1,0,2,1,1,0,1
5628,1,1,0,2,2,1,1,0,0
5629,1,1,1,1,2,1,1,0,1
5630,1,1,2,0,2,1,1,0,1
5631,1,2,0,3,2,1,1,0,0
5632,1,2,1,2,2,1,1,0,0
5633,1,2,2,1,2,1,1,0,0
5634,1,2,3,0,2,1,1,0,0
5635,1,3,0,4,2,1,1,0,0
5636,1,3,1,3,2,1,1,0,0
5637,1,3,2,2,2,1,1,0,0
5638,1,3,3,1,2,1,1,0,0
5639,1,3,4,0,2,1,1,0,0
5640,1,4,1,4,2,1,1,0,0
5641,1,4,2,3,2,1,1,0,0
5642,1,4,3,2,2,1,1,0,0
5643,1,4,4,1,2,1,1,0,0
5644,2,0,0,2,2,1,1,0,0
5645,2,0,1,1,2,1,1,0,1
5646,2,0,2,0,2,1,1,0,1
5647,2,1,0,3,2,1,1,0,0
5648,2,1,1,2,2,1,1,0,0
5649,2,1,2,1,2,1,1,0,1
5650,2,1,3,0,2,1,1,0,1
5651,2,2,0,4,2,1,1,0,0
5652,2,2,1,3,2,1,1,0,0
5653,2,2,2,2,2,1,1,0,0
5654,2,2,3,1,2,1,1,0,0
5655,2,2,4,0,2,1,1,0,0
5656,2,3,1,4,2,1,1,0,0
5657,2,3,2,3,2,1,1,0,0
5658,2,3,3,2,2,1,1,0,0
5659,2,3,4,1,2,1,1,0,0
5660,2,4,2,4,2,1,1,0,0
5661,2,4,3,3,2,1,1,0,0
5662,2,4,4,2,2,1,1,0,0
5663,3,0,0,3,2,1,1,0,0
5664,3,0,1,2,2,1,1,0,0
5665,3,0,2,1,2,1,1,0,1
5666,3,0,3,0,2,1,1,0,0
5667,3,1,0,4,2,1,1,0,0
5668,3,1,1,3,2,1,1,0,0
5669,3,1,2,2,2,1,1,0,0
5670,3,1,3,1,2,1,1,0,1
5671,3,1,4,0,2,1,1,0,0
5672,3,2,1,4,2,1,1,0,0
5673,3,2,2,3,2,1,1,0,0
5674,3,2,3,2,2,1,1,0,0
5675,3,2,4,1,2,1,1,0,0
5676,3,3,2,4,2,1,1,0,0
5677,3,3,3,3,2,1,1,0,0
5678,3,3,4,2,2,1,1,0,0
5679,3,4,3,4,2,1,1,0,0
5680,3,4,4,3,2,1,1,0,0
5681,4,0,0,4,2,1,1,0,0
5682,4,0,1,3,2,1,1,0,0
5683,4,0,2,2,2,1,1,0,0
5684,4,0,3,1,2,1,1,0,0
5685,4,0,4,0,2,1,1,0,0
5686,4,1,1,4,2,1,1,0,0
5687,4,1,2,3,2,1,1,0,0
5688,4,1,3,2,2,1,1,0,0
5689,4,1,4,1,2,1,1,0,0
5690,4,2,2,4,2,1,1,0,0
5691,4,2,3,3,2,1,1,0,0
5692,4,2,4,2,2,1,1,0,0
5693,4,3,3,4,2,1,1,0,0
5694,4,3,4,3,2,1,1,0,0
5695,4,4,4,4,2,1,1,0,0
5696,0,0,0,0,2,1,1,1,1
5697,0,1,0,1,2,1,1,1,1
5698,0,1,1,0,2,1,1,1,1
5699,0,2,0,2,2,1,1,1,0
5700,0,2,1,1,2,1,1,1,1
5701,0,2,2,0,2,1,1,1,0
5702,0,3,0,3,2,1,1,1,0
5703,0,3,1,2,2,1,1,1,0
5704,0,3,2,1,2,1,1,1,0
5705,0,3,3,0,2,1,1,1,0
5706,0,4,0,4,2,1,1,1,0
5707,0,4,1,3,2,1,1,1,0
5708,0,4,2,2,2,1,1,1,0
5709,0,4,3,1,2,1,1,1,0
5710,0,4,4,0,2,1,1,1,0
5711,1,0,0,1,2,1,1,1,1
5712,1,0,1,0,2,1,1,1,1
5713,1,1,0,2,2,1,1,1,1
5714,1,1,1,1,2,1,1,1,2
5715,1,1,2,0,2,1,1,1,1
5716,1,2,0,3,2,1,1,1,0
5717,1,2,1,2,2,1,1,1,1
5718,1,2,2,1,2,1,1,1,1
5719,1,2,3,0,2,1,1,1,0
5720,1,3,0,4,2,1,1,1,0
5721,1,3,1,3,2,1,1,1,0
5722,1,3,2,2,2,1,1,1,0
5723,1,3,3,1,2,1,1,1,0
5724,1,3,4,0,2,1,1,1,0
5725,1,4,1,4,2,1,1,1,0
5726,1,4,2,3,2,1,1,1,0
5727,1,4,3,2,2,1,1,1,0
5728,1,4,4,1,2,1,1,1,0
5729,2,0,0,2,2,1,1,1,0
5730,2,0,1,1,2,1,1,1,1
5731,2,0,2,0,2,1,1,1,1
5732,2,1,0,3,2,1,1,1,0
5733,2,1,1,2,2,1,1,1,1
5734,2,1,2,1,2,1,1,1,2
5735,2,1,3,0,2,1,1,1,1
5736,2,2,0,4,2,1,1,1,0
5737,2,2,1,3,2,1,1,1,0
5738,2,2,2,2,2,1,1,1,1
5739,2,2,3,1,2,1,1,1,1
5740,2,2,4,0,2,1,1,1,0
5741,2,3,1,4,2,1,1,1,0
5742,2,3,2,3,2,1,1,1,0
5743,2,3,3,2,2,1,1,1,0
5744,2,3,4,1,2,1,1,1,0
5745,2,4,2,4,2,1,1,1,0
5746,2,4,3,3,2,1,1,1,0
5747,2,4,4,2,2,1,1,1,0
5748,3,0,0,3,2,1,1,1,0
5749,3,0,1,2,2,1,1,1,0
5750,3,0,2,1,2,1,1,1,1
5751,3,0,3,0,2,1,1,1,0
5752,3,1,0,4,2,1,1,1,0
5753,3,1,1,3,2,1,1,1,0
5754,3,1,2,2,2,1,1,1,1
5755,3,1,3,1,2,1,1,1,1
5756,3,1,4,0,2,1,1,1,0
5757,3,2,1,4,2,1,1,1,0
5758,3,2,2,3,2,1,1,1,0
5759,3,2,3,2,2,1,1,1,1
5760,3,2,4,1,2,1,1,1,0
5761,3,3,2,4,2,1,1,1,0
5762,3,3,3,3,2,1,1,1,0
5763,3,3,4,2,2,1,1,1,0
5764,3,4,3,4,2,1,1,1,0
5765,3,4,4,3,2,1,1,1,0
5766,4,0,0,4,2,1,1,1,0
5767,4,0,1,3,2,1,1,1,0
5768,4,0,2,2,2,1,1,1,0
5769,4,0,3,1,2,1,1,1,0
5770,4,0,4,0,2,1,1,1,0
5771,4,1,1,4,2,1,1,1,0
5772,4,1,2,3,2,1,1,1,0
5773,4,1,3,2,2,1,1,1,0
5774,4,1,4,1,2,1,1,1,0
5775,4,2,2,4,2,1,1,1,0
5776,4,2,3,3,2,1,1,1,0
5777,4,2,4,2,2,1,1,1,0
5778,4,3,3,4,2,1,1,1,0
5779,4,3,4,3,2,1,1,1,0
5780,4,4,4,4,2,1,1,1,0
5781,0,0,0,0,2,1,1,2,1
5782,0,1,0,1,2,1,1,2,1
5783,0,1,1,0,2,1,1,2,1
5784,0,2,0,2,2,1,1,2,1
5785,0,2,1,1,2,1,1,2,1
5786,0,2,2,0,2,1,1,2,0
5787,0,3,0,3,2,1,1,2,0
5788,0,3,1,2,2,1,1,2,1
5789,0,3,2,1,2,1,1,2,0
5790,0,3,3,0,2,1,1,2,0
5791,0,4,0,4,2,1,1,2,0
5792,0,4,1,3,2,1,1,2,0
5793,0,4,2,2,2,1,1,2,0
5794,0,4,3,1,2,1,1,2,0
5795,0,4,4,0,2,1,1,2,0
5796,1,0,0,1,2,1,1,2,1
5797,1,0,1,0,2,1,1,2,1
5798,1,1,0,2,2,1,1,2,1
5799,1,1,1,1,2,1,1,2,2
5800,1,1,2,0,2,1,1,2,1
5801,1,2,0,3,2,1,1,2,1
5802,1,2,1,2,2,1,1,2,2
5803,1,2,2,1,2,1,1,2,1
5804,1,2,3,0,2,1,1,2,0
5805,1,3,0,4,2,1,1,2,0
5806,1,3,1,3,2,1,1,2,1
5807,1,3,2,2,2,1,1,2,1
5808,1,3,3,1,2,1,1,2,0
5809,1,3,4,0,2,1,1,2,0
5810,1,4,1,4,2,1,1,2,0
5811,1,4,2,3,2,1,1,2,0
5812,1,4,3,2,2,1,1,2,0
5813,1,4,4,1,2,1,1,2,0
5814,2,0,0,2,2,1,1,2,0
5815,2,0,1,1,2,1,1,2,1
5816,2,0,2,0,2,1,1,2,1
5817,2,1,0,3,2,1,1,2,0
5818,2,1,1,2,2,1,1,2,1
5819,2,1,2,1,2,1,1,2,2
5820,2,1,3,0,2,1,1,2,1
5821,2,2,0,4,2,1,1,2,0
5822,2,2,1,3,2,1,1,2,1
5823,2,2,2,2,2,1,1,2,2
5824,2,2,3,1,2,1,1,2,1
5825,2,2,4,0,2,1,1,2,0
5826,2,3,1,4,2,1,1,2,0
5827,2,3,2,3,2,1,1,2,1
5828,2,3,3,2,2,1,1,2,1
5829,2,3,4,1,2,1,1,2,0
5830,2,4,2,4,2,1,1,2,0
5831,2,4,3,3,2,1,1,2,0
5832,2,4,4,2,2,1,1,2,0
5833,3,0,0,3,2,1,1,2,0
5834,3,0,1,2,2,1,1,2,0
5835,3,0,2,1,2,1,1,2,1
5836,3,0,3,0,2,1,1,2,0
5837,3,1,0,4,2,1,1,2,0
5838,3,1,1,3,2,1,1,2,0
5839,3,1,2,2,2,1,1,2,1
5840,3,1,3,1,2,1,1,2,1
5841,3,1,4,0,2,1,1,2,0
5842,3,2,1,4,2,1,1,2,0
5843,3,2,2,3,2,1,1,2,1
5844,3,2,3,2,2,1,1,2,1
5845,3,2,4,1,2,1,1,2,0
5846,3,3,2,4,2,1,1,2,0
5847,3,3,3,3,2,1,1,2,1
5848,3,3,4,2,2,1,1,2,0
5849,3,4,3,4,2,1,1,2,0
5850,3,4,4,3,2,1,1,2,0
5851,4,0,0,4,2,1,1,2,0
5852,4,0,1,3,2,1,1,2,0
5853,4,0,2,2,2,1,1,2,0
5854,4,0,3,1,2,1,1,2,0
5855,4,0,4,0,2,1,1,2,0
5856,4,1,1,4,2,1,1,2,0
5857,4,1,2,3,2,1,1,2,0
5858,4,1,3,2,2,1,1,2,0
5859,4,1,4,1,2,1,1,2,0
5860,4,2,2,4,2,1,1,2,0
5861,4,2,3,3,2,1,1,2,0
5862,4,2,4,2,2,1,1,2,0
5863,4,3,3,4,2,1,1,2,0
5864,4,3,4,3,2,1,1,2,0
5865,4,4,4,4,2,1,1,2,0
5866,0,0,0,0,2,1,2,0,1
5867,0,1,0,1,2,1,2,0,0
5868,0,1,1,0,2,1,2,0,1
5869,0,2,0,2,2,1,2,0,0
5870,0,2,1,1,2,1,2,0,0
5871,0,2,2,0,2,1,2,0,1
5872,0,3,0,3,2,1,2,0,0
5873,0,3,1,2,2,1,2,0,0
5874,0,3,2,1,2,1,2,0,0
5875,0,3,3,0,2,1,2,0,0
5876,0,4,0,4,2,1,2,0,0
5877,0,4,1,3,2,1,2,0,0
5878,0,4,2,2,2,1,2,0,0
5879,0,4,3,1,2,1,2,0,0
5880,0,4,4,0,2,1,2,0,0
5881,1,0,0,1,2,1,2,0,1
5882,1,0,1,0,2,1,2,0,1
5883,1,1,0,2,2,1,2,0,0
5884,1,1,1,1,2,1,2,0,1
5885,1,1,2,0,2,1,2,0,1
5886,1,2,0,3,2,1,2,0,0
5887,1,2,1,2,2,1,2,0,0
5888,1,2,2,1,2,1,2,0,1
5889,1,2,3,0,2,1,2,0,1
5890,1,3,0,4,2,1,2,0,0
5891,1,3,1,3,2,1,2,0,0
5892,1,3,2,2,2,1,2,0,0
5893,1,3,3,1,2,1,2,0,0
5894,1,3,4,0,2,1,2,0,0
5895,1,4,1,4,2,1,2,0,0
5896,1,4,2,3,2,1,2,0,0
5897,1,4,3,2,2,1,2,0,0
5898,1,4,4,1,2,1,2,0,0
5899,2,0,0,2,2,1,2,0,0
5900,2,0,1,1,2,1,2,0,1
5901,2,0,2,0,2,1,2,0,1
5902,2,1,0,3,2,1,2,0,0
5903,2,1,1,2,2,1,2,0,0
5904,2,1,2,1,2,1,2,0,1
5905,2,1,3,0,2,1,2,0,1
5906,2,2,0,4,2,1,2,0,0
5907,2,2,1,3,2,1,2,0,0
5908,2,2,2,2,2,1,2,0,0
5909,2,2,3,1,2,1,2,0,1
5910,2,2,4,0,2,1,2,0,1
5911,2,3,1,4,2,1,2,0,0
5912,2,3,2,3,2,1,2,0,0
5913,2,3,3,2,2,1,2,0,0
5914,2,3,4,1,2,1,2,0,0
5915,2,4,2,4,2,1,2,0,0
5916,2,4,3,3,2,1,2,0,0
5917,2,4,4,2,2,1,2,0,0
5918,3,0,0,3,2,1,2,0,0
5919,3,0,1,2,2,1,2,0,0
5920,3,0,2,1,2,1,2,0,1
5921,3,0,3,0,2,1,2,0,0
5922,3,1,0,4,2,1,2,0,0
5923,3,1,1,3,2,1,2,0,0
5924,3,1,2,2,2,1,2,0,0
5925,3,1,3,1,2,1,2,0,1
5926,3,1,4,0,2,1,2,0,0
5927,3,2,1,4,2,1,2,0,0
5928,3,2,2,3,2,1,2,0,0
5929,3,2,3,2,2,1,2,0,0
5930,3,2,4,1,2,1,2,0,1
5931,3,3,2,4,2,1,2,0,0
5932,3,3,3,3,2,1,2,0,0
5933,3,3,4,2,2,1,2,0,0
5934,3,4,3,4,2,1,2,0,0
5935,3,4,4,3,2,1,2,0,0
5936,4,0,0,4,2,1,2,0,0
5937,4,0,1,3,2,1,2,0,0
5938,4,0,2,2,2,1,2,0,0
5939,4,0,3,1,2,1,2,0,0
5940,4,0,4,0,2,1,2,0,0
5941,4,1,1,4,2,1,2,0,0
5942,4,1,2,3,2,1,2,0,0
5943,4,1,3,2,2,1,2,0,0
5944,4,1,4,1,2,1,2,0,0
5945,4,2,2,4,2,1,2,0,0
5946,4,2,3,3,2,1,2,0,0
5947,4,2,4,2,2,1,2,0,0
5948,4,3,3,4,2,1,2,0,0
5949,4,3,4,3,2,1,2,0,0
5950,4,4,4,4,2,1,2,0,0
5951,0,0,0,0,2,1,2,1,1
5952,0,1,0,1,2,1,2,1,1
5953,0,1,1,0,2,1,2,1,1
5954,0,2,0,2,2,1,2,1,0
5955,0,2,1,1,2,1,2,1,1
5956,0,2,2,0,2,1,2,1,1
5957,0,3,0,3,2,1,2,1,0
5958,0,3,1,2,2,1,2,1,0
5959,0,3,2,1,2,1,2,1,1
5960,0,3,3,0,2,1,2,1,0
5961,0,4,0,4,2,1,2,1,0
5962,0,4,1,3,2,1,2,1,0
5963,0,4,2,2,2,1,2,1,0
5964,0,4,3,1,2,1,2,1,0
5965,0,4,4,0,2,1,2,1,0
5966,1,0,0,1,2,1,2,1,1
5967,1,0,1,0,2,1,2,1,1
5968,1,1,0,2,2,1,2,1,1
5969,1,1,1,1,2,1,2,1,2
5970,1,1,2,0,2,1,2,1,1
5971,1,2,0,3,2,1,2,1,0
5972,1,2,1,2,2,1,2,1,1
5973,1,2,2,1,2,1,2,1,2
5974,1,2,3,0,2,1,2,1,1
5975,1,3,0,4,2,1,2,1,0
5976,1,3,1,3,2,1,2,1,0
5977,1,3,2,2,2,1,2,1,1
5978,1,3,3,1,2,1,2,1,1
5979,1,3,4,0,2,1,2,1,0
5980,1,4,1,4,2,1,2,1,0
5981,1,4,2,3,2,1,2,1,0
5982,1,4,3,2,2,1,2,1,0
5983,1,4,4,1,2,1,2,1,0
5984,2,0,0,2,2,1,2,1,0
5985,2,0,1,1,2,1,2,1,1
5986,2,0,2,0,2,1,2,1,1
5987,2,1,0,3,2,1,2,1,0
5988,2,1,1,2,2,1,2,1,1
5989,2,1,2,1,2,1,2,1,2
5990,2,1,3,0,2,1,2,1,1
5991,2,2,0,4,2,1,2,1,0
5992,2,2,1,3,2,1,2,1,0
5993,2,2,2,2,2,1,2,1,1
5994,2,2,3,1,2,1,2,1,2
5995,2,2,4,0,2,1,2,1,1
5996,2,3,1,4,2,1,2,1,0
5997,2,3,2,3,2,1,2,1,0
5998,2,3,3,2,2,1,2,1,1
5999,2,3,4,1,2,1,2,1,1
6000,2,4,2,4,2,1,2,1,0
6001,2,4,3,3,2,1,2,1,0
6002,2,4,4,2,2,1,2,1,0
6003,3,0,0,3,2,1,2,1,0
6004,3,0,1,2,2,1,2,1,0
6005,3,0,2,1,2,1,2,1,1
6006,3,0,3,0,2,1,2,1,0
6007,3,1,0,4,2,1,2,1,0
6008,3,1,1,3,2,1,2,1,0
6009,3,1,2,2,2,1,2,1,1
6010,3,1,3,1,2,1,2,1,1
6011,3,1,4,0,2,1,2,1,0
6012,3,2,1,4,2,1,2,1,0
6013,3,2,2,3,2,1,2,1,0
6014,3,2,3,2,2,1,2,1,1
6015,3,2,4,1,2,1,2,1,1
6016,3,3,2,4,2,1,2,1,0
6017,3,3,3,3,2,1,2,1,0
6018,3,3,4,2,2,1,2,1,1
6019,3,4,3,4,2,1,2,1,0
6020,3,4,4,3,2,1,2,1,0
6021,4,0,0,4,2,1,2,1,0
6022,4,0,1,3,2,1,2,1,0
6023,4,0,2,2,2,1,2,1,0
6024,4,0,3,1,2,1,2,1,0
6025,4,0,4,0,2,1,2,1,0
6026,4,1,1,4,2,1,2,1,0
6027,4,1,2,3,2,1,2,1,0
6028,4,1,3,2,2,1,2,1,0
6029,4,1,4,1,2,1,2,1,0
6030,4,2,2,4,2,1,2,1,0
6031,4,2,3,3,2,1,2,1,0
6032,4,2,4,2,2,1,2,1,0
6033,4,3,3,4,2,1,2,1,0
6034,4,3,4,3,2,1,2,1,0
6035,4,4,4,4,2,1,2,1,0
6036,0,0,0,0,2,1,2,2,1
6037,0,1,0,1,2,1,2,2,1
6038,0,1,1,0,2,1,2,2,1
6039,0,2,0,2,2,1,2,2,1
6040,0,2,1,1,2,1,2,2,1
6041,0,2,2,0,2,1,2,2,1
6042,0,3,0,3,2,1,2,2,0
6043,0,3,1,2,2,1,2,2,1
6044,0,3,2,1,2,1,2,2,1
6045,0,3,3,0,2,1,2,2,0
6046,0,4,0,4,2,1,2,2,0
6047,0,4,1,3,2,1,2,2,0
6048,0,4,2,2,2,1,2,2,1
6049,0,4,3,1,2,1,2,2,0
6050,0,4,4,0,2,1,2,2,0
6051,1,0,0,1,2,1,2,2,1
6052,1,0,1,0,2,1,2,2,1
6053,1,1,0,2,2,1,2,2,1
6054,1,1,1,1,2,1,2,2,2
6055,1,1,2,0,2,1,2,2,1
6056,1,2,0,3,2,1,2,2,1
6057,1,2,1,2,2,1,2,2,2
6058,1,2,2,1,2,1,2,2,2
6059,1,2,3,0,2,1,2,2,1
6060,1,3,0,4,2,1,2,2,0
6061,1,3,1,3,2,1,2,2,1
6062,1,3,2,2,2,1,2,2,2
6063,1,3,3,1,2,1,2,2,1
6064,1,3,4,0,2,1,2,2,0
6065,1,4,1,4,2,1,2,2,0
6066,1,4,2,3,2,1,2,2,1
6067,1,4,3,2,2,1,2,2,1
6068,1,4,4,1,2,1,2,2,0
6069,2,0,0,2,2,1,2,2,0
6070,2,0,1,1,2,1,2,2,1
6071,2,0,2,0,2,1,2,2,1
6072,2,1,0,3,2,1,2,2,0
6073,2,1,1,2,2,1,2,2,1
6074,2,1,2,1,2,1,2,2,2
6075,2,1,3,0,2,1,2,2,1
6076,2,2,0,4,2,1,2,2,0
6077,2,2,1,3,2,1,2,2,1
6078,2,2,2,2,2,1,2,2,2
6079,2,2,3,1,2,1,2,2,2
6080,2,2,4,0,2,1,2,2,1
6081,2,3,1,4,2,1,2,2,0
6082,2,3,2,3,2,1,2,2,1
6083,2,3,3,2,2,1,2,2,2
6084,2,3,4,1,2,1,2,2,1
6085,2,4,2,4,2,1,2,2,0
6086,2,4,3,3,2,1,2,2,1
6087,2,4,4,2,2,1,2,2,1
6088,3,0,0,3,2,1,2,2,0
6089,3,0,1,2,2,1,2,2,0
6090,3,0,2,1,2,1,2,2,1
6091,3,0,3,0,2,1,2,2,0
6092,3,1,0,4,2,1,2,2,0
6093,3,1,1,3,2,1,2,2,0
6094,3,1,2,2,2,1,2,2,1
6095,3,1,3,1,2,1,2,2,1
6096,3,1,4,0,2,1,2,2,0
6097,3,2,1,4,2,1,2,2,0
6098,3,2,2,3,2,1,2,2,1
6099,3,2,3,2,2,1,2,2,1
6100,3,2,4,1,2,1,2,2,1
6101,3,3,2,4,2,1,2,2,0
6102,3,3,3,3,2,1,2,2,1
6103,3,3,4,2,2,1,2,2,1
6104,3,4,3,4,2,1,2,2,0
6105,3,4,4,3,2,1,2,2,1
6106,4,0,0,4,2,1,2,2,0
6107,4,0,1,3,2,1,2,2,0
6108,4,0,2,2,2,1,2,2,0
6109,4,0,3,1,2,1,2,2,0
6110,4,0,4,0,2,1,2,2,0
6111,4,1,1,4,2,1,2,2,0
6112,4,1,2,3,2,1,2,2,0
6113,4,1,3,2,2,1,2,2,0
6114,4,1,4,1,2,1,2,2,0
6115,4,2,2,4,2,1,2,2,0
6116,4,2,3,3,2,1,2,2,0
6117,4,2,4,2,2,1,2,2,0
6118,4,3,3,4,2,1,2,2,0
6119,4,3,4,3,2,1,2,2,0
6120,4,4,4,4,2,1,2,2,0
6121,0,0,0,0,2,2,0,0,1
6122,0,1,0,1,2,2,0,0,0
6123,0,1,1,0,2,2,0,0,0
6124,0,2,0,2,2,2,0,0,0
6125,0,2,1,1,2,2,0,0,0
6126,0,2,2,0,2,2,0,0,0
6127,0,3,0,3,2,2,0,0,0
6128,0,3,1,2,2,2,0,0,0
6129,0,3,2,1,2,2,0,0,0
6130,0,3,3,0,2,2,0,0,0
6131,0,4,0,4,2,2,0,0,0
6132,0,4,1,3,2,2,0,0,0
6133,0,4,2,2,2,2,0,0,0
6134,0,4,3,1,2,2,0,0,0
6135,0,4,4,0,2,2,0,0,0
6136,1,0,0,1,2,2,0,0,1
6137,1,0,1,0,2,2,0,0,1
6138,1,1,0,2,2,2,0,0,0
6139,1,1,1,1,2,2,0,0,0
6140,1,1,2,0,2,2,0,0,0
6141,1,2,0,3,2,2,0,0,0
6142,1,2,1,2,2,2,0,0,0
6143,1,2,2,1,2,2,0,0,0
6144,1,2,3,0,2,2,0,0,0
6145,1,3,0,4,2,2,0,0,0
6146,1,3,1,3,2,2,0,0,0
6147,1,3,2,2,2,2,0,0,0
6148,1,3,3,1,2,2,0,0,0
6149,1,3,4,0,2,2,0,0,0
6150,1,4,1,4,2,2,0,0,0
6151,1,4,2,3,2,2,0,0,0
6152,1,4,3,2,2,2,0,0,0
6153,1,4,4,1,2,2,0,0,0
6154,2,0,0,2,2,2,0,0,1
6155,2,0,1,1,2,2,0,0,1
6156,2,0,2,0,2,2,0,0,1
6157,2,1,0,3,2,2,0,0,0
6158,2,1,1,2,2,2,0,0,0
6159,2,1,2,1,2,2,0,0,0
6160,2,1,3,0,2,2,0,0,0
6161,2,2,0,4,2,2,0,0,0
6162,2,2,1,3,2,2,0,0,0
6163,2,2,2,2,2,2,0,0,0
6164,2,2,3,1,2,2,0,0,0
6165,2,2,4,0,2,2,0,0,0
6166,2,3,1,4,2,2,0,0,0
6167,2,3,2,3,2,2,0,0,0
6168,2,3,3,2,2,2,0,0,0
6169,2,3,4,1,2,2,0,0,0
6170,2,4,2,4,2,2,0,0,0
6171,2,4,3,3,2,2,0,0,0
6172,2,4,4,2,2,2,0,0,0
6173,3,0,0,3,2,2,0,0,0
6174,3,0,1,2,2,2,0,0,1
6175,3,0,2,1,2,2,0,0,1
6176,3,0,3,0,2,2,0,0,0
6177,3,1,0,4,2,2,0,0,0
6178,3,1,1,3,2,2,0,0,0
6179,3,1,2,2,2,2,0,0,0
6180,3,1,3,1,2,2,0,0,0
6181,3,1,4,0,2,2,0,0,0
6182,3,2,1,4,2,2,0,0,0
6183,3,2,2,3,2,2,0,0,0
6184,3,2,3,2,2,2,0,0,0
6185,3,2,4,1,2,2,0,0,0
6186,3,3,2,4,2,2,0,0,0
6187,3,3,3,3,2,2,0,0,0
6188,3,3,4,2,2,2,0,0,0
6189,3,4,3,4,2,2,0,0,0
6190,3,4,4,3,2,2,0,0,0
6191,4,0,0,4,2,2,0,0,0
6192,4,0,1,3,2,2,0,0,0
6193,4,0,2,2,2,2,0,0,1
6194,4,0,3,1,2,2,0,0,0
6195,4,0,4,0,2,2,0,0,0
6196,4,1,1,4,2,2,0,0,0
6197,4,1,2,3,2,2,0,0,0
6198,4,1,3,2,2,2,0,0,0
6199,4,1,4,1,2,2,0,0,0
6200,4,2,2,4,2,2,0,0,0
6201,4,2,3,3,2,2,0,0,0
6202,4,2,4,2,2,2,0,0,0
6203,4,3,3,4,2,2,0,0,0
6204,4,3,4,3,2,2,0,0,0
6205,4,4,4,4,2,2,0,0,0
6206,0,0,0,0,2,2,0,1,1
6207,0,1,0,1,2,2,0,1,1
6208,0,1,1,0,2,2,0,1,0
6209,0,2,0,2,2,2,0,1,0
6210,0,2,1,1,2,2,0,1,0
6211,0,2,2,0,2,2,0,1,0
6212,0,3,0,3,2,2,0,1,0
6213,0,3,1,2,2,2,0,1,0
6214,0,3,2,1,2,2,0,1,0
6215,0,3,3,0,2,2,0,1,0
6216,0,4,0,4,2,2,0,1,0
6217,0,4,1,3,2,2,0,1,0
6218,0,4,2,2,2,2,0,1,0
6219,0,4,3,1,2,2,0,1,0
6220,0,4,4,0,2,2,0,1,0
6221,1,0,0,1,2,2,0,1,1
6222,1,0,1,0,2,2,0,1,1
6223,1,1,0,2,2,2,0,1,1
6224,1,1,1,1,2,2,0,1,1
6225,1,1,2,0,2,2,0,1,0
6226,1,2,0,3,2,2,0,1,0
6227,1,2,1,2,2,2,0,1,0
6228,1,2,2,1,2,2,0,1,0
6229,1,2,3,0,2,2,0,1,0
6230,1,3,0,4,2,2,0,1,0
6231,1,3,1,3,2,2,0,1,0
6232,1,3,2,2,2,2,0,1,0
6233,1,3,3,1,2,2,0,1,0
6234,1,3,4,0,2,2,0,1,0
6235,1,4,1,4,2,2,0,1,0
6236,1,4,2,3,2,2,0,1,0
6237,1,4,3,2,2,2,0,1,0
6238,1,4,4,1,2,2,0,1,0
6239,2,0,0,2,2,2,0,1,1
6240,2,0,1,1,2,2,0,1,1
6241,2,0,2,0,2,2,0,1,1
6242,2,1,0,3,2,2,0,1,1
6243,2,1,1,2,2,2,0,1,1
6244,2,1,2,1,2,2,0,1,1
6245,2,1,3,0,2,2,0,1,0
6246,2,2,0,4,2,2,0,1,0
6247,2,2,1,3,2,2,0,1,0
6248,2,2,2,2,2,2,0,1,0
6249,2,2,3,1,2,2,0,1,0
6250,2,2,4,0,2,2,0,1,0
6251,2,3,1,4,2,2,0,1,0
6252,2,3,2,3,2,2,0,1,0
6253,2,3,3,2,2,2,0,1,0
6254,2,3,4,1,2,2,0,1,0
6255,2,4,2,4,2,2,0,1,0
6256,2,4,3,3,2,2,0,1,0
6257,2,4,4,2,2,2,0,1,0
6258,3,0,0,3,2,2,0,1,0
6259,3,0,1,2,2,2,0,1,1
6260,3,0,2,1,2,2,0,1,1
6261,3,0,3,0,2,2,0,1,0
6262,3,1,0,4,2,2,0,1,0
6263,3,1,1,3,2,2,0,1,1
6264,3,1,2,2,2,2,0,1,1
6265,3,1,3,1,2,2,0,1,0
6266,3,1,4,0,2,2,0,1,0
6267,3,2,1,4,2,2,0,1,0
6268,3,2,2,3,2,2,0,1,0
6269,3,2,3,2,2,2,0,1,0
6270,3,2,4,1,2,2,0,1,0
6271,3,3,2,4,2,2,0,1,0
6272,3,3,3,3,2,2,0,1,0
6273,3,3,4,2,2,2,0,1,0
6274,3,4,3,4,2,2,0,1,0
6275,3,4,4,3,2,2,0,1,0
6276,4,0,0,4,2,2,0,1,0
6277,4,0,1,3,2,2,0,1,0
6278,4,0,2,2,2,2,0,1,1
6279,4,0,3,1,2,2,0,1,0
6280,4,0,4,0,2,2,0,1,0
6281,4,1,1,4,2,2,0,1,0
6282,4,1,2,3,2,2,0,1,1
6283,4,1,3,2,2,2,0,1,0
6284,4,1,4,1,2,2,0,1,0
6285,4,2,2,4,2,2,0,1,0
6286,4,2,3,3,2,2,0,1,0
6287,4,2,4,2,2,2,0,1,0
6288,4,3,3,4,2,2,0,1,0
6289,4,3,4,3,2,2,0,1,0
6290,4,4,4,4,2,2,0,1,0
6291,0,0,0,0,2,2,0,2,1
6292,0,1,0,1,2,2,0,2,1
6293,0,1,1,0,2,2,0,2,0
6294,0,2,0,2,2,2,0,2,1
6295,0,2,1,1,2,2,0,2,0
6296,0,2,2,0,2,2,0,2,0
6297,0,3,0,3,2,2,0,2,0
6298,0,3,1,2,2,2,0,2,0
6299,0,3,2,1,2,2,0,2,0
6300,0,3,3,0,2,2,0,2,0
6301,0,4,0,4,2,2,0,2,0
6302,0,4,1,3,2,2,0,2,0
6303,0,4,2,2,2,2,0,2,0
6304,0,4,3,1,2,2,0,2,0
6305,0,4,4,0,2,2,0,2,0
6306,1,0,0,1,2,2,0,2,1
6307,1,0,1,0,2,2,0,2,1
6308,1,1,0,2,2,2,0,2,1
6309,1,1,1,1,2,2,0,2,1
6310,1,1,2,0,2,2,0,2,0
6311,1,2,0,3,2,2,0,2,1
6312,1,2,1,2,2,2,0,2,1
6313,1,2,2,1,2,2,0,2,0
6314,1,2,3,0,2,2,0,2,0
6315,1,3,0,4,2,2,0,2,0
6316,1,3,1,3,2,2,0,2,0
6317,1,3,2,2,2,2,0,2,0
6318,1,3,3,1,2,2,0,2,0
6319,1,3,4,0,2,2,0,2,0
6320,1,4,1,4,2,2,0,2,0
6321,1,4,2,3,2,2,0,2,0
6322,1,4,3,2,2,2,0,2,0
6323,1,4,4,1,2,2,0,2,0
6324,2,0,0,2,2,2,0,2,1
6325,2,0,1,1,2,2,0,2,1
6326,2,0,2,0,2,2,0,2,1
6327,2,1,0,3,2,2,0,2,1
6328,2,1,1,2,2,2,0,2,1
6329,2,1,2,1,2,2,0,2,1
6330,2,1,3,0,2,2,0,2,0
6331,2,2,0,4,2,2,0,2,1
6332,2,2,1,3,2,2,0,2,1
6333,2,2,2,2,2,2,0,2,1
6334,2,2,3,1,2,2,0,2,0
6335,2,2,4,0,2,2,0,2,0
6336,2,3,1,4,2,2,0,2,0
6337,2,3,2,3,2,2,0,2,0
6338,2,3,3,2,2,2,0,2,0
6339,2,3,4,1,2,2,0,2,0
6340,2,4,2,4,2,2,0,2,0
6341,2,4,3,3,2,2,0,2,0
6342,2,4,4,2,2,2,0,2,0
6343,3,0,0,3,2,2,0,2,0
6344,3,0,1,2,2,2,0,2,1
6345,3,0,2,1,2,2,0,2,1
6346,3,0,3,0,2,2,0,2,0
6347,3,1,0,4,2,2,0,2,0
6348,3,1,1,3,2,2,0,2,1
6349,3,1,2,2,2,2,0,2,1
6350,3,1,3,1,2,2,0,2,0
6351,3,1,4,0,2,2,0,2,0
6352,3,2,1,4,2,2,0,2,1
6353,3,2,2,3,2,2,0,2,1
6354,3,2,3,2,2,2,0,2,0
6355,3,2,4,1,2,2,0,2,0
6356,3,3,2,4,2,2,0,2,0
6357,3,3,3,3,2,2,0,2,0
6358,3,3,4,2,2,2,0,2,0
6359,3,4,3,4,2,2,0,2,0
6360,3,4,4,3,2,2,0,2,0
6361,4,0,0,4,2,2,0,2,0
6362,4,0,1,3,2,2,0,2,0
6363,4,0,2,2,2,2,0,2,1
6364,4,0,3,1,2,2,0,2,0
6365,4,0,4,0,2,2,0,2,0
6366,4,1,1,4,2,2,0,2,0
6367,4,1,2,3,2,2,0,2,1
6368,4,1,3,2,2,2,0,2,0
6369,4,1,4,1,2,2,0,2,0
6370,4,2,2,4,2,2,0,2,1
6371,4,2,3,3,2,2,0,2,0
6372,4,2,4,2,2,2,0,2,0
6373,4,3,3,4,2,2,0,2,0
6374,4,3,4,3,2,2,0,2,0
6375,4,4,4,4,2,2,0,2,0
6376,0,0,0,0,2,2,1,0,1
6377,0,1,0,1,2,2,1,0,0
6378,0,1,1,0,2,2,1,0,1
6379,0,2,0,2,2,2,1,0,0
6380,0,2,1,1,2,2,1,0,0
6381,0,2,2,0,2,2,1,0,0
6382,0,3,0,3,2,2,1,0,0
6383,0,3,1,2,2,2,1,0,0
6384,0,3,2,1,2,2,1,0,0
6385,0,3,3,0,2,2,1,0,0
6386,0,4,0,4,2,2,1,0,0
6387,0,4,1,3,2,2,1,0,0
6388,0,4,2,2,2,2,1,0,0
6389,0,4,3,1,2,2,1,0,0
6390,0,4,4,0,2,2,1,0,0
6391,1,0,0,1,2,2,1,0,1
6392,1,0,1,0,2,2,1,0,1
6393,1,1,0,2,2,2,1,0,0
6394,1,1,1,1,2,2,1,0,1
6395,1,1,2,0,2,2,1,0,1
6396,1,2,0,3,2,2,1,0,0
6397,1,2,1,2,2,2,1,0,0
6398,1,2,2,1,2,2,1,0,0
6399,1,2,3,0,2,2,1,0,0
6400,1,3,0,4,2,2,1,0,0
6401,1,3,1,3,2,2,1,0,0
6402,1,3,2,2,2,2,1,0,0
6403,1,3,3,1,2,2,1,0,0
6404,1,3,4,0,2,2,1,0,0
6405,1,4,1,4,2,2,1,0,0
6406,1,4,2,3,2,2,1,0,0
6407,1,4,3,2,2,2,1,0,0
6408,1,4,4,1,2,2,1,0,0
6409,2,0,0,2,2,2,1,0,1
6410,2,0,1,1,2,2,1,0,1
6411,2,0,2,0,2,2,1,0,1
6412,2,1,0,3,2,2,1,0,0
6413,2,1,1,2,2,2,1,0,1
6414,2,1,2,1,2,2,1,0,1
6415,2,1,3,0,2,2,1,0,1
6416,2,2,0,4,2,2,1,0,0
6417,2,2,1,3,2,2,1,0,0
6418,2,2,2,2,2,2,1,0,0
6419,2,2,3,1,2,2,1,0,0
6420,2,2,4,0,2,2,1,0,0
6421,2,3,1,4,2,2,1,0,0
6422,2,3,2,3,2,2,1,0,0
6423,2,3,3,2,2,2,1,0,0
6424,2,3,4,1,2,2,1,0,0
6425,2,4,2,4,2,2,1,0,0
6426,2,4,3,3,2,2,1,0,0
6427,2,4,4,2,2,2,1,0,0
6428,3,0,0,3,2,2,1,0,0
6429,3,0,1,2,2,2,1,0,1
6430,3,0,2,1,2,2,1,0,1
6431,3,0,3,0,2,2,1,0,0
6432,3,1,0,4,2,2,1,0,0
6433,3,1,1,3,2,2,1,0,0
6434,3,1,2,2,2,2,1,0,1
6435,3,1,3,1,2,2,1,0,1
6436,3,1,4,0,2,2,1,0,0
6437,3,2,1,4,2,2,1,0,0
6438,3,2,2,3,2,2,1,0,0
6439,3,2,3,2,2,2,1,0,0
6440,3,2,4,1,2,2,1,0,0
6441,3,3,2,4,2,2,1,0,0
6442,3,3,3,3,2,2,1,0,0
6443,3,3,4,2,2,2,1,0,0
6444,3,4,3,4,2,2,1,0,0
6445,3,4,4,3,2,2,1,0,0
6446,4,0,0,4,2,2,1,0,0
6447,4,0,1,3,2,2,1,0,0
6448,4,0,2,2,2,2,1,0,1
6449,4,0,3,1,2,2,1,0,0
6450,4,0,4,0,2,2,1,0,0
6451,4,1,1,4,2,2,1,0,0
6452,4,1,2,3,2,2,1,0,0
6453,4,1,3,2,2,2,1,0,1
6454,4,1,4,1,2,2,1,0,0
6455,4,2,2,4,2,2,1,0,0
6456,4,2,3,3,2,2,1,0,0
6457,4,2,4,2,2,2,1,0,0
6458,4,3,3,4,2,2,1,0,0
6459,4,3,4,3,2,2,1,0,0
6460,4,4,4,4,2,2,1,0,0
6461,0,0,0,0,2,2,1,1,1
6462,0,1,0,1,2,2,1,1,1
6463,0,1,1,0,2,2,1,1,1
6464,0,2,0,2,2,2,1,1,0
6465,0,2,1,1,2,2,1,1,1
6466,0,2,2,0,2,2,1,1,0
6467,0,3,0,3,2,2,1,1,0
6468,0,3,1,2,2,2,1,1,0
6469,0,3,2,1,2,2,1,1,0
6470,0,3,3,0,2,2,1,1,0
6471,0,4,0,4,2,2,1,1,0
6472,0,4,1,3,2,2,1,1,0
6473,0,4,2,2,2,2,1,1,0
6474,0,4,3,1,2,2,1,1,0
6475,0,4,4,0,2,2,1,1,0
6476,1,0,0,1,2,2,1,1,1
6477,1,0,1,0,2,2,1,1,1
6478,1,1,0,2,2,2,1,1,1
6479,1,1,1,1,2,2,1,1,2
6480,1,1,2,0,2,2,1,1,1
6481,1,2,0,3,2,2,1,1,0
6482,1,2,1,2,2,2,1,1,1
6483,1,2,2,1,2,2,1,1,1
6484,1,2,3,0,2,2,1,1,0
6485,1,3,0,4,2,2,1,1,0
6486,1,3,1,3,2,2,1,1,0
6487,1,3,2,2,2,2,1,1,0
6488,1,3,3,1,2,2,1,1,0
6489,1,3,4,0,2,2,1,1,0
6490,1,4,1,4,2,2,1,1,0
6491,1,4,2,3,2,2,1,1,0
6492,1,4,3,2,2,2,1,1,0
6493,1,4,4,1,2,2,1,1,0
6494,2,0,0,2,2,2,1,1,1
6495,2,0,1,1,2,2,1,1,1
6496,2,0,2,0,2,2,1,1,1
6497,2,1,0,3,2,2,1,1,1
6498,2,1,1,2,2,2,1,1,2
6499,2,1,2,1,2,2,1,1,2
6500,2,1,3,0,2,2,1,1,1
6501,2,2,0,4,2,2,1,1,0
6502,2,2,1,3,2,2,1,1,1
6503,2,2,2,2,2,2,1,1,1
6504,2,2,3,1,2,2,1,1,1
6505,2,2,4,0,2,2,1,1,0
6506,2,3,1,4,2,2,1,1,0
6507,2,3,2,3,2,2,1,1,0
6508,2,3,3,2,2,2,1,1,0
6509,2,3,4,1,2,2,1,1,0
6510,2,4,2,4,2,2,1,1,0
6511,2,4,3,3,2,2,1,1,0
6512,2,4,4,2,2,2,1,1,0
6513,3,0,0,3,2,2,1,1,0
6514,3,0,1,2,2,2,1,1,1
6515,3,0,2,1,2,2,1,1,1
6516,3,0,3,0,2,2,1,1,0
6517,3,1,0,4,2,2,1,1,0
6518,3,1,1,3,2,2,1,1,1
6519,3,1,2,2,2,2,1,1,2
6520,3,1,3,1,2,2,1,1,1
6521,3,1,4,0,2,2,1,1,0
6522,3,2,1,4,2,2,1,1,0
6523,3,2,2,3,2,2,1,1,1
6524,3,2,3,2,2,2,1,1,1
6525,3,2,4,1,2,2,1,1,0
6526,3,3,2,4,2,2,1,1,0
6527,3,3,3,3,2,2,1,1,0
6528,3,3,4,2,2,2,1,1,0
6529,3,4,3,4,2,2,1,1,0
6530,3,4,4,3,2,2,1,1,0
6531,4,0,0,4,2,2,1,1,0
6532,4,0,1,3,2,2,1,1,0
6533,4,0,2,2,2,2,1,1,1
6534,4,0,3,1,2,2,1,1,0
6535,4,0,4,0,2,2,1,1,0
6536,4,1,1,4,2,2,1,1,0
6537,4,1,2,3,2,2,1,1,1
6538,4,1,3,2,2,2,1,1,1
6539,4,1,4,1,2,2,1,1,0
6540,4,2,2,4,2,2,1,1,0
6541,4,2,3,3,2,2,1,1,1
6542,4,2,4,2,2,2,1,1,0
6543,4,3,3,4,2,2,1,1,0
6544,4,3,4,3,2,2,1,1,0
6545,4,4,4,4,2,2,1,1,0
6546,0,0,0,0,2,2,1,2,1
6547,0,1,0,1,2,2,1,2,1
6548,0,1,1,0,2,2,1,2,1
6549,0,2,0,2,2,2,1,2,1
6550,0,2,1,1,2,2,1,2,1
6551,0,2,2,0,2,2,1,2,0
6552,0,3,0,3,2,2,1,2,0
6553,0,3,1,2,2,2,1,2,1
6554,0,3,2,1,2,2,1,2,0
6555,0,3,3,0,2,2,1,2,0
6556,0,4,0,4,2,2,1,2,0
6557,0,4,1,3,2,2,1,2,0
6558,0,4,2,2,2,2,1,2,0
6559,0,4,3,1,2,2,1,2,0
6560,0,4,4,0,2,2,1,2,0
6561,1,0,0,1,2,2,1,2,1
6562,1,0,1,0,2,2,1,2,1
6563,1,1,0,2,2,2,1,2,1
6564,1,1,1,1,2,2,1,2,2
6565,1,1,2,0,2,2,1,2,1
6566,1,2,0,3,2,2,1,2,1
6567,1,2,1,2,2,2,1,2,2
6568,1,2,2,1,2,2,1,2,1
6569,1,2,3,0,2,2,1,2,0
6570,1,3,0,4,2,2,1,2,0
6571,1,3,1,3,2,2,1,2,1
6572,1,3,2,2,2,2,1,2,1
6573,1,3,3,1,2,2,1,2,0
6574,1,3,4,0,2,2,1,2,0
6575,1,4,1,4,2,2,1,2,0
6576,1,4,2,3,2,2,1,2,0
6577,1,4,3,2,2,2,1,2,0
6578,1,4,4,1,2,2,1,2,0
6579,2,0,0,2,2,2,1,2,1
6580,2,0,1,1,2,2,1,2,1
6581,2,0,2,0,2,2,1,2,1
6582,2,1,0,3,2,2,1,2,1
6583,2,1,1,2,2,2,1,2,2
6584,2,1,2,1,2,2,1,2,2
6585,2,1,3,0,2,2,1,2,1
6586,2,2,0,4,2,2,1,2,1
6587,2,2,1,3,2,2,1,2,2
6588,2,2,2,2,2,2,1,2,2
6589,2,2,3,1,2,2,1,2,1
6590,2,2,4,0,2,2,1,2,0
6591,2,3,1,4,2,2,1,2,1
6592,2,3,2,3,2,2,1,2,1
6593,2,3,3,2,2,2,1,2,1
6594,2,3,4,1,2,2,1,2,0
6595,2,4,2,4,2,2,1,2,0
6596,2,4,3,3,2,2,1,2,0
6597,2,4,4,2,2,2,1,2,0
6598,3,0,0,3,2,2,1,2,0
6599,3,0,1,2,2,2,1,2,1
6600,3,0,2,1,2,2,1,2,1
6601,3,0,3,0,2,2,1,2,0
6602,3,1,0,4,2,2,1,2,0
6603,3,1,1,3,2,2,1,2,1
6604,3,1,2,2,2,2,1,2,2
6605,3,1,3,1,2,2,1,2,1
6606,3,1,4,0,2,2,1,2,0
6607,3,2,1,4,2,2,1,2,1
6608,3,2,2,3,2,2,1,2,2
6609,3,2,3,2,2,2,1,2,1
6610,3,2,4,1,2,2,1,2,0
6611,3,3,2,4,2,2,1,2,1
6612,3,3,3,3,2,2,1,2,1
6613,3,3,4,2,2,2,1,2,0
6614,3,4,3,4,2,2,1,2,0
6615,3,4,4,3,2,2,1,2,0
6616,4,0,0,4,2,2,1,2,0
6617,4,0,1,3,2,2,1,2,0
6618,4,0,2,2,2,2,1,2,1
6619,4,0,3,1,2,2,1,2,0
6620,4,0,4,0,2,2,1,2,0
6621,4,1,1,4,2,2,1,2,0
6622,4,1,2,3,2,2,1,2,1
6623,4,1,3,2,2,2,1,2,1
6624,4,1,4,1,2,2,1,2,0
6625,4,2,2,4,2,2,1,2,1
6626,4,2,3,3,2,2,1,2,1
6627,4,2,4,2,2,2,1,2,0
6628,4,3,3,4,2,2,1,2,1
6629,4,3,4,3,2,2,1,2,0
6630,4,4,4,4,2,2,1,2,0
6631,0,0,0,0,2,2,2,0,1
6632,0,1,0,1,2,2,2,0,0
6633,0,1,1,0,2,2,2,0,1
6634,0,2,0,2,2,2,2,0,0
6635,0,2,1,1,2,2,2,0,0
6636,0,2,2,0,2,2,2,0,1
6637,0,3,0,3,2,2,2,0,0
6638,0,3,1,2,2,2,2,0,0
6639,0,3,2,1,2,2,2,0,0
6640,0,3,3,0,2,2,2,0,0
6641,0,4,0,4,2,2,2,0,0
6642,0,4,1,3,2,2,2,0,0
6643,0,4,2,2,2,2,2,0,0
6644,0,4,3,1,2,2,2,0,0
6645,0,4,4,0,2,2,2,0,0
6646,1,0,0,1,2,2,2,0,1
6647,1,0,1,0,2,2,2,0,1
6648,1,1,0,2,2,2,2,0,0
6649,1,1,1,1,2,2,2,0,1
6650,1,1,2,0,2,2,2,0,1
6651,1,2,0,3,2,2,2,0,0
6652,1,2,1,2,2,2,2,0,0
6653,1,2,2,1,2,2,2,0,1
6654,1,2,3,0,2,2,2,0,1
6655,1,3,0,4,2,2,2,0,0
6656,1,3,1,3,2,2,2,0,0
6657,1,3,2,2,2,2,2,0,0
6658,1,3,3,1,2,2,2,0,0
6659,1,3,4,0,2,2,2,0,0
6660,1,4,1,4,2,2,2,0,0
6661,1,4,2,3,2,2,2,0,0
6662,1,4,3,2,2,2,2,0,0
6663,1,4,4,1,2,2,2,0,0
6664,2,0,0,2,2,2,2,0,1
6665,2,0,1,1,2,2,2,0,1
6666,2,0,2,0,2,2,2,0,1
6667,2,1,0,3,2,2,2,0,0
6668,2,1,1,2,2,2,2,0,1
6669,2,1,2,1,2,2,2,0,1
6670,2,1,3,0,2,2,2,0,1
6671,2,2,0,4,2,2,2,0,0
6672,2,2,1,3,2,2,2,0,0
6673,2,2,2,2,2,2,2,0,1
6674,2,2,3,1,2,2,2,0,1
6675,2,2,4,0,2,2,2,0,1
6676,2,3,1,4,2,2,2,0,0
6677,2,3,2,3,2,2,2,0,0
6678,2,3,3,2,2,2,2,0,0
6679,2,3,4,1,2,2,2,0,0
6680,2,4,2,4,2,2,2,0,0
6681,2,4,3,3,2,2,2,0,0
6682,2,4,4,2,2,2,2,0,0
6683,3,0,0,3,2,2,2,0,0
6684,3,0,1,2,2,2,2,0,1
6685,3,0,2,1,2,2,2,0,1
6686,3,0,3,0,2,2,2,0,0
6687,3,1,0,4,2,2,2,0,0
6688,3,1,1,3,2,2,2,0,0
6689,3,1,2,2,2,2,2,0,1
6690,3,1,3,1,2,2,2,0,1
6691,3,1,4,0,2,2,2,0,0
6692,3,2,1,4,2,2,2,0,0
6693,3,2,2,3,2,2,2,0,0
6694,3,2,3,2,2,2,2,0,1
6695,3,2,4,1,2,2,2,0,1
6696,3,3,2,4,2,2,2,0,0
6697,3,3,3,3,2,2,2,0,0
6698,3,3,4,2,2,2,2,0,0
6699,3,4,3,4,2,2,2,0,0
6700,3,4,4,3,2,2,2,0,0
6701,4,0,0,4,2,2,2,0,0
6702,4,0,1,3,2,2,2,0,0
6703,4,0,2,2,2,2,2,0,1
6704,4,0,3,1,2,2,2,0,0
6705,4,0,4,0,2,2,2,0,0
6706,4,1,1,4,2,2,2,0,0
6707,4,1,2,3,2,2,2,0,0
6708,4,1,3,2,2,2,2,0,1
6709,4,1,4,1,2,2,2,0,0
6710,4,2,2,4,2,2,2,0,0
6711,4,2,3,3,2,2,2,0,0
6712,4,2,4,2,2,2,2,0,1
6713,4,3,3,4,2,2,2,0,0
6714,4,3,4,3,2,2,2,0,0
6715,4,4,4,4,2,2,2,0,0
6716,0,0,0,0,2,2,2,1,1
6717,0,1,0,1,2,2,2,1,1
6718,0,1,1,0,2,2,2,1,1
6719,0,2,0,2,2,2,2,1,0
6720,0,2,1,1,2,2,2,1,1
6721,0,2,2,0,2,2,2,1,1
6722,0,3,0,3,2,2,2,1,0
6723,0,3,1,2,2,2,2,1,0
6724,0,3,2,1,2,2,2,1,1
6725,0,3,3,0,2,2,2,1,0
6726,0,4,0,4,2,2,2,1,0
6727,0,4,1,3,2,2,2,1,0
6728,0,4,2,2,2,2,2,1,0
6729,0,4,3,1,2,2,2,1,0
6730,0,4,4,0,2,2,2,1,0
6731,1,0,0,1,2,2,2,1,1
6732,1,0,1,0,2,2,2,1,1
6733,1,1,0,2,2,2,2,1,1
6734,1,1,1,1,2,2,2,1,2
6735,1,1,2,0,2,2,2,1,1
6736,1,2,0,3,2,2,2,1,0
6737,1,2,1,2,2,2,2,1,1
6738,1,2,2,1,2,2,2,1,2
6739,1,2,3,0,2,2,2,1,1
6740,1,3,0,4,2,2,2,1,0
6741,1,3,1,3,2,2,2,1,0
6742,1,3,2,2,2,2,2,1,1
6743,1,3,3,1,2,2,2,1,1
6744,1,3,4,0,2,2,2,1,0
6745,1,4,1,4,2,2,2,1,0
6746,1,4,2,3,2,2,2,1,0
6747,1,4,3,2,2,2,2,1,0
6748,1,4,4,1,2,2,2,1,0
6749,2,0,0,2,2,2,2,1,1
6750,2,0,1,1,2,2,2,1,1
6751,2,0,2,0,2,2,2,1,1
6752,2,1,0,3,2,2,2,1,1
6753,2,1,1,2,2,2,2,1,2
6754,2,1,2,1,2,2,2,1,2
6755,2,1,3,0,2,2,2,1,1
6756,2,2,0,4,2,2,2,1,0
6757,2,2,1,3,2,2,2,1,1
6758,2,2,2,2,2,2,2,1,2
6759,2,2,3,1,2,2,2,1,2
6760,2,2,4,0,2,2,2,1,1
6761,2,3,1,4,2,2,2,1,0
6762,2,3,2,3,2,2,2,1,1
6763,2,3,3,2,2,2,2,1,1
6764,2,3,4,1,2,2,2,1,1
6765,2,4,2,4,2,2,2,1,0
6766,2,4,3,3,2,2,2,1,0
6767,2,4,4,2,2,2,2,1,0
6768,3,0,0,3,2,2,2,1,0
6769,3,0,1,2,2,2,2,1,1
6770,3,0,2,1,2,2,2,1,1
6771,3,0,3,0,2,2,2,1,0
6772,3,1,0,4,2,2,2,1,0
6773,3,1,1,3,2,2,2,1,1
6774,3,1,2,2,2,2,2,1,2
6775,3,1,3,1,2,2,2,1,1
6776,3,1,4,0,2,2,2,1,0
6777,3,2,1,4,2,2,2,1,0
6778,3,2,2,3,2,2,2,1,1
6779,3,2,3,2,2,2,2,1,2
6780,3,2,4,1,2,2,2,1,1
6781,3,3,2,4,2,2,2,1,0
6782,3,3,3,3,2,2,2,1,1
6783,3,3,4,2,2,2,2,1,1
6784,3,4,3,4,2,2,2,1,0
6785,3,4,4,3,2,2,2,1,0
6786,4,0,0,4,2,2,2,1,0
6787,4,0,1,3,2,2,2,1,0
6788,4,0,2,2,2,2,2,1,1
6789,4,0,3,1,2,2,2,1,0
6790,4,0,4,0,2,2,2,1,0
6791,4,1,1,4,2,2,2,1,0
6792,4,1,2,3,2,2,2,1,1
6793,4,1,3,2,2,2,2,1,1
6794,4,1,4,1,2,2,2,1,0
6795,4,2,2,4,2,2,2,1,0
6796,4,2,3,3,2,2,2,1,1
6797,4,2,4,2,2,2,2,1,1
6798,4,3,3,4,2,2,2,1,0
6799,4,3,4,3,2,2,2,1,1
6800,4,4,4,4,2,2,2,1,0
6801,0,0,0,0,2,2,2,2,1
6802,0,1,0,1,2,2,2,2,1
6803,0,1,1,0,2,2,2,2,1
6804,0,2,0,2,2,2,2,2,1
6805,0,2,1,1,2,2,2,2,1
6806,0,2,2,0,2,2,2,2,1
6807,0,3,0,3,2,2,2,2,0
6808,0,3,1,2,2,2,2,2,1
6809,0,3,2,1,2,2,2,2,1
6810,0,3,3,0,2,2,2,2,0
6811,0,4,0,4,2,2,2,2,0
6812,0,4,1,3,2,2,2,2,0
6813,0,4,2,2,2,2,2,2,1
6814,0,4,3,1,2,2,2,2,0
6815,0,4,4,0,2,2,2,2,0
6816,1,0,0,1,2,2,2,2,1
6817,1,0,1,0,2,2,2,2,1
6818,1,1,0,2,2,2,2,2,1
6819,1,1,1,1,2,2,2,2,2
6820,1,1,2,0,2,2,2,2,1
6821,1,2,0,3,2,2,2,2,1
6822,1,2,1,2,2,2,2,2,2
6823,1,2,2,1,2,2,2,2,2
6824,1,2,3,0,2,2,2,2,1
6825,1,3,0,4,2,2,2,2,0
6826,1,3,1,3,2,2,2,2,1
6827,1,3,2,2,2,2,2,2,2
6828,1,3,3,1,2,2,2,2,1
6829,1,3,4,0,2,2,2,2,0
6830,1,4,1,4,2,2,2,2,0
6831,1,4,2,3,2,2,2,2,1
6832,1,4,3,2,2,2,2,2,1
6833,1,4,4,1,2,2,2,2,0
6834,2,0,0,2,2,2,2,2,1
6835,2,0,1,1,2,2,2,2,1
6836,2,0,2,0,2,2,2,2,1
6837,2,1,0,3,2,2,2,2,1
6838,2,1,1,2,2,2,2,2,2
6839,2,1,2,1,2,2,2,2,2
6840,2,1,3,0,2,2,2,2,1
6841,2,2,0,4,2,2,2,2,1
6842,2,2,1,3,2,2,2,2,2
6843,2,2,2,2,2,2,2,2,3
6844,2,2,3,1,2,2,2,2,2
6845,2,2,4,0,2,2,2,2,1
6846,2,3,1,4,2,2,2,2,1
6847,2,3,2,3,2,2,2,2,2
6848,2,3,3,2,2,2,2,2,2
6849,2,3,4,1,2,2,2,2,1
6850,2,4,2,4,2,2,2,2,1
6851,2,4,3,3,2,2,2,2,1
6852,2,4,4,2,2,2,2,2,1
6853,3,0,0,3,2,2,2,2,0
6854,3,0,1,2,2,2,2,2,1
6855,3,0,2,1,2,2,2,2,1
6856,3,0,3,0,2,2,2,2,0
6857,3,1,0,4,2,2,2,2,0
6858,3,1,1,3,2,2,2,2,1
6859,3,1,2,2,2,2,2,2,2
6860,3,1,3,1,2,2,2,2,1
6861,3,1,4,0,2,2,2,2,0
6862,3,2,1,4,2,2,2,2,1
6863,3,2,2,3,2,2,2,2,2
6864,3,2,3,2,2,2,2,2,2
6865,3,2,4,1,2,2,2,2,1
6866,3,3,2,4,2,2,2,2,1
6867,3,3,3,3,2,2,2,2,2
6868,3,3,4,2,2,2,2,2,1
6869,3,4,3,4,2,2,2,2,1
6870,3,4,4,3,2,2,2,2,1
6871,4,0,0,4,2,2,2,2,0
6872,4,0,1,3,2,2,2,2,0
6873,4,0,2,2,2,2,2,2,1
6874,4,0,3,1,2,2,2,2,0
6875,4,0,4,0,2,2,2,2,0
6876,4,1,1,4,2,2,2,2,0
6877,4,1,2,3,2,2,2,2,1
6878,4,1,3,2,2,2,2,2,1
6879,4,1,4,1,2,2,2,2,0
6880,4,2,2,4,2,2,2,2,1
6881,4,2,3,3,2,2,2,2,1
6882,4,2,4,2,2,2,2,2,1
6883,4,3,3,4,2,2,2,2,1
6884,4,3,4,3,2,2,2,2,1
6885,4,4,4,4,2,2,2,2,1
